id,y
10441,27.1
10442,72.5
10443,39.2
10444,115.0
10445,8.3
10446,58.7
10447,929.3
10448,5.8
10449,83.8
10450,37.5
10451,12.4
10452,40.5
10453,415.3
10454,50.7
10455,50.3
10456,17.9
10457,8.7
10458,117.5
10459,61.0
10460,350.0
10461,15.4
10462,10.7
10463,47.0
10464,346.3
10465,34.9
10466,222.3
10467,81.5
10468,165.6
10469,38.7
10470,133.5
10471,27.1
10472,56.2
10473,13.3
10474,145.7
10475,87.4
10476,58.8
10477,59.7
10478,1069.0
10479,215.4
10480,137.7
10481,63.8
10482,60.8
10483,61.0
10484,227.5
10485,46.1
10486,50.9
10487,287.8
10488,19.9
10489,59.6
10490,94.0
10491,276.2
10492,72.9
10493,120.2
10494,67.8
10495,296.8
10496,344.9
10497,32.6
10498,14.0
10499,6.8
10500,29.3
10501,614.9
10502,88.7
10503,19.1
10504,21.0
10505,182.6
10506,57.2
10507,91.5
10508,10.5
10509,135.4
10510,55.7
10511,172.5
10512,53.7
10513,22.0
10514,123.7
10515,53.9
10516,50.4
10517,20.7
10518,141.7
10519,56.0
10520,111.5
10521,55.3
10522,30.2
10523,325.0
10524,12.4
10525,151.2
10526,42.9
10527,10.4
10528,75.1
10529,22.3
10530,13.5
10531,6.1
10532,104.1
10533,64.3
10534,23.4
10535,111.5
10536,43.5
10537,223.2
10538,94.9
10539,13.2
10540,16.8
10541,74.0
10542,372.8
10543,84.8
10544,320.0
10545,17.9
10546,60.2
10547,2513.5
10548,52.8
10549,32.3
10550,42.5
10551,86.2
10552,848.8
10553,40.3
10554,50.1
10555,679.7
10556,819.5
10557,21.5
10558,25.8
10559,53.4
10560,8.1
10561,14.5
10562,116.7
10563,386.4
10564,31.8
10565,38.6
10566,412.5
10567,31.9
10568,17.3
10569,108.7
10570,1479.7
10571,1359.6
10572,36.1
10573,78.9
10574,704.6
10575,463.9
10576,176.3
10577,143.8
10578,14.7
10579,52.3
10580,39.7
10581,44.9
10582,11.9
10583,335.4
10584,69.0
10585,174.3
10586,21.0
10587,527.5
10588,15.2
10589,34.1
10590,104.5
10591,81.8
10592,21.7
10593,33.7
10594,195.2
10595,1736.4
10596,214.7
10597,414.0
10598,33.4
10599,1279.7
10600,1381.3
10601,28.7
10602,37.8
10603,202.3
10604,203.8
10605,741.3
10606,633.2
10607,186.1
10608,41.8
10609,290.3
10610,150.6
10611,55.6
10612,27.8
10613,40.5
10614,76.5
10615,702.0
10616,11.4
10617,67.1
10618,45.5
10619,102.7
10620,248.7
10621,201.1
10622,488.9
10623,17.8
10624,68.3
10625,655.4
10626,51.9
10627,17.1
10628,188.4
10629,263.4
10630,1226.4
10631,41.3
10632,12.8
10633,18.5
10634,31.5
10635,1216.1
10636,8.2
10637,73.7
10638,131.2
10639,27.3
10640,30.7
10641,85.3
10642,83.4
10643,104.3
10644,88.7
10645,25.6
10646,114.8
10647,30.3
10648,397.5
10649,161.5
10650,19.9
10651,195.3
10652,140.7
10653,22.0
10654,17.5
10655,53.3
10656,56.6
10657,54.5
10658,128.1
10659,36.0
10660,339.4
10661,87.4
10662,31.7
10663,50.2
10664,16.9
10665,10.1
10666,15.7
10667,16.4
10668,68.9
10669,30.9
10670,32.1
10671,8.6
10672,91.3
10673,951.6
10674,181.7
10675,832.7
10676,70.3
10677,62.8
10678,111.1
10679,42.5
10680,64.4
10681,99.7
10682,81.7
10683,789.3
10684,202.4
10685,114.5
10686,330.2
10687,327.5
10688,502.2
10689,179.2
10690,131.5
10691,812.8
10692,28.0
10693,40.2
10694,398.6
10695,589.9
10696,159.2
10697,9.3
10698,38.1
10699,62.4
10700,74.1
10701,19.6
10702,229.0
10703,74.0
10704,173.8
10705,9.4
10706,6.2
10707,155.9
10708,9.9
10709,7.0
10710,163.3
10711,708.4
10712,7.9
10713,802.4
10714,339.3
10715,874.0
10716,72.8
10717,13.9
10718,30.1
10719,345.2
10720,107.7
10721,192.4
10722,473.6
10723,21.1
10724,457.8
10725,398.7
10726,714.5
10727,13.2
10728,33.9
10729,80.7
10730,55.5
10731,60.0
10732,362.2
10733,23.9
10734,252.0
10735,278.1
10736,32.3
10737,78.6
10738,83.3
10739,23.7
10740,108.9
10741,47.1
10742,68.5
10743,342.8
10744,376.9
10745,50.4
10746,92.1
10747,17.8
10748,81.9
10749,26.2
10750,105.0
10751,101.2
10752,258.9
10753,167.2
10754,112.4
10755,52.1
10756,70.0
10757,74.9
10758,148.3
10759,270.5
10760,35.1
10761,38.6
10762,113.1
10763,46.9
10764,18.3
10765,126.6
10766,171.6
10767,599.0
10768,21.0
10769,80.2
10770,66.2
10771,396.8
10772,127.8
10773,98.2
10774,137.0
10775,670.9
10776,17.4
10777,98.4
10778,21.0
10779,230.2
10780,230.3
10781,212.9
10782,36.4
10783,38.0
10784,87.1
10785,98.1
10786,19.0
10787,184.7
10788,21.1
10789,164.8
10790,27.4
10791,74.1
10792,26.8
10793,915.3
10794,81.5
10795,168.9
10796,17.7
10797,66.8
10798,724.3
10799,954.0
10800,116.5
10801,1335.3
10802,73.9
10803,55.7
10804,210.6
10805,405.8
10806,54.9
10807,8.5
10808,80.5
10809,234.6
10810,593.2
10811,1746.9
10812,240.0
10813,24.3
10814,38.4
10815,14.6
10816,81.9
10817,204.2
10818,28.9
10819,248.5
10820,719.6
10821,530.8
10822,44.3
10823,280.4
10824,556.0
10825,50.5
10826,121.8
10827,178.7
10828,101.7
10829,50.2
10830,766.4
10831,21.8
10832,790.0
10833,329.3
10834,13.4
10835,101.2
10836,118.9
10837,554.8
10838,64.2
10839,26.9
10840,21.4
10841,70.5
10842,35.8
10843,20.2
10844,46.1
10845,29.9
10846,17.3
10847,277.4
10848,748.7
10849,37.5
10850,137.8
10851,28.3
10852,179.5
10853,16.4
10854,7.6
10855,75.4
10856,346.5
10857,257.6
10858,15.1
10859,109.6
10860,57.4
10861,194.5
10862,337.6
10863,1409.9
10864,227.7
10865,603.3
10866,1274.4
10867,346.3
10868,243.1
10869,29.5
10870,277.0
10871,1112.8
10872,476.9
10873,108.6
10874,102.4
10875,62.7
10876,74.8
10877,946.0
10878,86.0
10879,50.1
10880,21.7
10881,39.6
10882,105.5
10883,37.0
10884,12.7
10885,52.1
10886,132.0
10887,119.2
10888,517.1
10889,44.2
10890,49.5
10891,40.9
10892,33.8
10893,119.2
10894,603.3
10895,164.8
10896,81.3
10897,438.8
10898,26.4
10899,199.2
10900,17.6
10901,21.2
10902,47.7
10903,52.1
10904,38.1
10905,159.0
10906,90.9
10907,168.1
10908,138.7
10909,38.8
10910,342.4
10911,239.3
10912,159.4
10913,524.4
10914,108.4
10915,46.9
10916,55.5
10917,54.3
10918,10.0
10919,29.1
10920,125.8
10921,16.4
10922,37.9
10923,25.8
10924,32.7
10925,96.7
10926,182.1
10927,202.5
10928,379.1
10929,286.4
10930,125.7
10931,137.8
10932,49.2
10933,55.9
10934,240.0
10935,31.5
10936,60.8
10937,63.0
10938,214.6
10939,20.0
10940,136.5
10941,42.9
10942,7.2
10943,23.3
10944,50.1
10945,40.7
10946,167.5
10947,87.7
10948,68.3
10949,1290.4
10950,97.0
10951,318.6
10952,36.3
10953,19.8
10954,53.1
10955,68.5
10956,66.5
10957,16.3
10958,170.5
10959,26.6
10960,40.3
10961,28.9
10962,497.5
10963,83.4
10964,386.5
10965,725.3
10966,669.6
10967,59.6
10968,80.0
10969,137.0
10970,14.5
10971,50.4
10972,169.7
10973,1354.9
10974,46.1
10975,40.6
10976,416.2
10977,63.5
10978,38.3
10979,26.8
10980,496.2
10981,29.0
10982,7.9
10983,169.6
10984,15.2
10985,16.9
10986,17.8
10987,14.3
10988,11.1
10989,53.7
10990,111.5
10991,133.0
10992,102.5
10993,127.0
10994,117.6
10995,58.6
10996,37.8
10997,82.6
10998,40.2
10999,21.2
11000,68.9
11001,325.8
11002,27.6
11003,87.7
11004,125.6
11005,47.1
11006,74.0
11007,50.8
11008,82.7
11009,60.5
11010,112.6
11011,50.6
11012,140.0
11013,39.3
11014,66.9
11015,22.4
11016,11.2
11017,149.4
11018,1026.9
11019,35.8
11020,96.1
11021,38.3
11022,67.5
11023,754.6
11024,188.3
11025,18.7
11026,28.5
11027,233.0
11028,18.9
11029,80.6
11030,58.8
11031,180.9
11032,38.2
11033,845.1
11034,70.3
11035,44.7
11036,1913.8
11037,69.7
11038,180.4
11039,740.8
11040,13.8
11041,212.6
11042,53.7
11043,65.8
11044,151.8
11045,164.4
11046,123.3
11047,15.2
11048,57.8
11049,282.2
11050,25.7
11051,147.5
11052,140.5
11053,281.2
11054,51.7
11055,37.3
11056,11.6
11057,39.3
11058,70.8
11059,40.9
11060,121.6
11061,157.8
11062,64.1
11063,173.2
11064,39.5
11065,265.0
11066,56.1
11067,101.0
11068,1676.7
11069,74.4
11070,242.6
11071,60.0
11072,916.1
11073,166.8
11074,150.2
11075,78.7
11076,229.4
11077,132.5
11078,1106.7
11079,129.4
11080,53.5
11081,190.5
11082,12.1
11083,26.5
11084,39.4
11085,12.6
11086,156.0
11087,53.6
11088,51.4
11089,28.3
11090,27.9
11091,536.1
11092,238.4
11093,12.7
11094,26.6
11095,30.8
11096,780.3
11097,188.9
11098,56.6
11099,34.7
11100,167.3
11101,463.7
11102,26.0
11103,78.3
11104,62.0
11105,29.6
11106,333.0
11107,56.3
11108,30.0
11109,72.7
11110,185.7
11111,30.9
11112,56.8
11113,41.1
11114,470.5
11115,47.1
11116,44.7
11117,23.4
11118,31.3
11119,245.5
11120,190.9
11121,30.8
11122,498.1
11123,81.7
11124,167.1
11125,38.6
11126,33.6
11127,30.1
11128,51.2
11129,149.7
11130,75.7
11131,80.0
11132,62.2
11133,97.8
11134,133.7
11135,21.3
11136,130.1
11137,40.6
11138,58.9
11139,21.1
11140,737.7
11141,32.0
11142,22.0
11143,39.8
11144,40.7
11145,138.5
11146,410.0
11147,55.2
11148,28.8
11149,47.9
11150,134.7
11151,22.6
11152,38.0
11153,153.3
11154,159.9
11155,99.2
11156,1191.8
11157,185.3
11158,373.1
11159,114.7
11160,186.5
11161,48.7
11162,29.5
11163,493.6
11164,742.7
11165,556.1
11166,98.0
11167,172.7
11168,172.0
11169,322.7
11170,97.2
11171,49.8
11172,18.9
11173,89.7
11174,114.9
11175,9.2
11176,427.3
11177,1333.9
11178,18.1
11179,92.1
11180,330.0
11181,233.0
11182,179.5
11183,43.6
11184,108.6
11185,39.8
11186,184.7
11187,86.5
11188,132.8
11189,16.0
11190,187.4
11191,49.3
11192,241.8
11193,165.9
11194,111.6
11195,173.5
11196,93.8
11197,387.6
11198,69.1
11199,1034.5
11200,7.3
11201,34.0
11202,42.0
11203,55.4
11204,107.7
11205,55.2
11206,30.8
11207,9.8
11208,22.2
11209,62.9
11210,2474.5
11211,158.6
11212,92.2
11213,342.9
11214,90.8
11215,321.1
11216,274.1
11217,45.4
11218,13.4
11219,56.7
11220,17.4
11221,149.4
11222,435.0
11223,33.4
11224,44.5
11225,48.3
11226,88.9
11227,24.9
11228,87.6
11229,120.4
11230,42.2
11231,127.7
11232,81.0
11233,272.1
11234,54.7
11235,164.8
11236,465.1
11237,45.6
11238,763.6
11239,39.3
11240,151.1
11241,25.1
11242,55.5
11243,52.6
11244,190.2
11245,91.5
11246,28.5
11247,18.5
11248,51.0
11249,23.8
11250,191.7
11251,38.6
11252,127.0
11253,159.3
11254,73.7
11255,1292.5
11256,428.1
11257,100.7
11258,1017.8
11259,22.2
11260,789.1
11261,391.8
11262,105.4
11263,109.5
11264,33.3
11265,273.1
11266,178.7
11267,83.8
11268,62.1
11269,176.0
11270,33.5
11271,16.8
11272,31.9
11273,38.7
11274,31.0
11275,137.1
11276,13.2
11277,190.6
11278,29.4
11279,474.1
11280,89.0
11281,37.3
11282,7.4
11283,2019.5
11284,25.8
11285,27.3
11286,90.1
11287,42.4
11288,946.9
11289,9.9
11290,101.3
11291,307.7
11292,145.5
11293,22.0
11294,85.7
11295,146.7
11296,40.7
11297,154.0
11298,1461.9
11299,343.5
11300,133.0
11301,130.6
11302,53.9
11303,334.6
11304,18.2
11305,1224.2
11306,265.7
11307,176.5
11308,27.6
11309,107.2
11310,687.6
11311,99.7
11312,24.0
11313,196.1
11314,223.1
11315,45.5
11316,292.3
11317,292.0
11318,22.2
11319,26.7
11320,40.9
11321,572.6
11322,85.2
11323,330.3
11324,91.2
11325,189.3
11326,82.0
11327,8.8
11328,63.6
11329,733.1
11330,78.4
11331,288.0
11332,56.5
11333,65.6
11334,120.8
11335,57.1
11336,140.8
11337,6.8
11338,13.5
11339,122.0
11340,179.0
11341,19.3
11342,49.0
11343,81.0
11344,75.0
11345,390.1
11346,113.6
11347,64.5
11348,26.8
11349,43.5
11350,78.2
11351,83.0
11352,148.3
11353,29.2
11354,35.2
11355,51.1
11356,43.4
11357,18.1
11358,196.7
11359,122.0
11360,92.6
11361,47.7
11362,33.2
11363,228.0
11364,264.4
11365,1006.5
11366,14.7
11367,18.6
11368,33.1
11369,48.9
11370,517.1
11371,24.0
11372,43.9
11373,30.6
11374,8.0
11375,50.7
11376,1486.4
11377,17.6
11378,122.0
11379,246.7
11380,200.6
11381,274.5
11382,1593.3
11383,101.4
11384,38.7
11385,556.3
11386,254.2
11387,472.0
11388,42.7
11389,463.2
11390,57.3
11391,64.6
11392,58.3
11393,13.0
11394,43.7
11395,87.4
11396,252.9
11397,73.4
11398,285.2
11399,631.7
11400,51.1
11401,708.9
11402,117.0
11403,127.4
11404,120.3
11405,23.9
11406,19.0
11407,406.2
11408,87.8
11409,8.6
11410,17.0
11411,17.8
11412,8.5
11413,52.3
11414,38.4
11415,238.9
11416,56.1
11417,148.2
11418,29.9
11419,204.9
11420,529.6
11421,18.5
11422,44.7
11423,66.6
11424,9.1
11425,132.9
11426,44.0
11427,195.0
11428,58.4
11429,1324.2
11430,37.7
11431,78.0
11432,394.5
11433,178.5
11434,631.0
11435,30.2
11436,815.6
11437,556.3
11438,89.4
11439,75.3
11440,86.1
11441,17.5
11442,28.3
11443,343.9
11444,24.3
11445,287.1
11446,15.4
11447,101.3
11448,41.0
11449,43.6
11450,11.1
11451,245.0
11452,58.5
11453,23.6
11454,149.4
11455,108.0
11456,34.2
11457,48.7
11458,53.3
11459,161.2
11460,348.5
11461,207.2
11462,924.9
11463,73.5
11464,19.8
11465,22.4
11466,121.4
11467,12.7
11468,32.2
11469,79.6
11470,99.9
11471,137.9
11472,57.0
11473,53.7
11474,196.6
11475,19.2
11476,72.8
11477,1517.4
11478,48.7
11479,346.8
11480,344.3
11481,423.6
11482,60.2
11483,68.2
11484,280.9
11485,32.6
11486,277.9
11487,24.6
11488,154.0
11489,53.3
11490,294.3
11491,27.6
11492,18.8
11493,125.7
11494,103.8
11495,59.0
11496,607.4
11497,15.8
11498,108.4
11499,87.4
11500,123.9
11501,46.3
11502,66.2
11503,575.2
11504,23.7
11505,36.9
11506,843.1
11507,50.6
11508,53.4
11509,8.0
11510,606.7
11511,22.7
11512,51.3
11513,314.8
11514,45.9
11515,8.5
11516,95.0
11517,61.9
11518,91.1
11519,53.3
11520,75.2
11521,7.4
11522,246.1
11523,52.7
11524,30.4
11525,31.1
11526,119.8
11527,156.5
11528,54.7
11529,68.2
11530,72.7
11531,57.9
11532,119.0
11533,693.6
11534,12.3
11535,165.9
11536,92.3
11537,1487.5
11538,40.2
11539,68.3
11540,144.8
11541,145.8
11542,10.1
11543,53.8
11544,115.6
11545,27.0
11546,72.5
11547,836.1
11548,33.1
11549,12.2
11550,65.4
11551,32.2
11552,12.8
11553,17.5
11554,7.5
11555,30.2
11556,63.3
11557,104.6
11558,106.6
11559,120.9
11560,52.3
11561,138.4
11562,29.8
11563,95.9
11564,142.7
11565,37.5
11566,12.6
11567,142.7
11568,318.2
11569,15.1
11570,144.9
11571,391.8
11572,167.5
11573,20.2
11574,17.8
11575,61.4
11576,252.0
11577,222.8
11578,400.9
11579,73.0
11580,159.0
11581,144.0
11582,88.4
11583,83.8
11584,13.6
11585,49.9
11586,38.2
11587,44.3
11588,396.8
11589,184.9
11590,498.8
11591,24.7
11592,30.3
11593,7.0
11594,25.1
11595,70.5
11596,118.2
11597,13.1
11598,31.4
11599,215.7
11600,306.3
11601,252.1
11602,686.5
11603,155.3
11604,88.7
11605,173.2
11606,57.7
11607,89.4
11608,22.0
11609,211.7
11610,115.1
11611,1471.4
11612,24.1
11613,52.1
11614,26.0
11615,145.0
11616,279.6
11617,11.4
11618,703.0
11619,125.4
11620,151.2
11621,41.4
11622,666.2
11623,28.5
11624,79.4
11625,472.5
11626,31.4
11627,59.9
11628,19.3
11629,65.6
11630,112.6
11631,11.0
11632,13.5
11633,9.4
11634,117.4
11635,129.9
11636,148.9
11637,100.0
11638,46.7
11639,44.4
11640,107.2
11641,11.8
11642,55.8
11643,88.4
11644,150.8
11645,30.9
11646,124.8
11647,228.6
11648,853.1
11649,138.6
11650,931.7
11651,22.4
11652,54.0
11653,61.5
11654,48.6
11655,38.0
11656,78.2
11657,8.7
11658,209.2
11659,157.5
11660,72.7
11661,73.3
11662,37.5
11663,83.6
11664,41.9
11665,151.3
11666,172.5
11667,72.7
11668,48.8
11669,54.1
11670,26.3
11671,61.4
11672,1155.7
11673,36.6
11674,957.2
11675,953.8
11676,63.8
11677,28.7
11678,56.9
11679,79.3
11680,133.5
11681,157.6
11682,58.8
11683,157.5
11684,18.4
11685,72.4
11686,44.8
11687,79.5
11688,72.7
11689,8.9
11690,398.3
11691,25.2
11692,88.0
11693,11.1
11694,172.9
11695,348.8
11696,19.0
11697,21.8
11698,92.0
11699,59.1
11700,228.3
11701,52.8
11702,445.4
11703,205.2
11704,20.4
11705,437.6
11706,135.5
11707,11.1
11708,98.6
11709,614.5
11710,78.4
11711,993.8
11712,442.0
11713,278.0
11714,13.1
11715,14.9
11716,199.1
11717,7.4
11718,60.0
11719,48.0
11720,1248.3
11721,44.8
11722,209.4
11723,175.4
11724,457.2
11725,585.7
11726,199.6
11727,74.8
11728,633.3
11729,198.0
11730,194.1
11731,37.2
11732,95.9
11733,360.6
11734,146.7
11735,29.0
11736,40.7
11737,9.0
11738,38.0
11739,208.9
11740,121.2
11741,302.8
11742,117.5
11743,139.0
11744,17.8
11745,66.9
11746,99.9
11747,19.0
11748,237.6
11749,12.5
11750,14.8
11751,14.1
11752,1167.3
11753,15.6
11754,43.0
11755,27.0
11756,166.3
11757,48.3
11758,29.3
11759,353.1
11760,66.5
11761,482.6
11762,47.5
11763,153.0
11764,94.2
11765,97.2
11766,46.4
11767,13.0
11768,42.4
11769,146.2
11770,11.8
11771,22.5
11772,139.1
11773,326.2
11774,80.0
11775,50.0
11776,998.4
11777,168.5
11778,304.7
11779,229.9
11780,80.0
11781,14.5
11782,275.9
11783,69.5
11784,37.1
11785,41.9
11786,47.9
11787,363.5
11788,34.2
11789,51.7
11790,290.1
11791,50.0
11792,33.8
11793,119.5
11794,96.2
11795,59.4
11796,54.0
11797,331.7
11798,116.5
11799,82.8
11800,52.3
11801,10.9
11802,19.2
11803,166.9
11804,199.5
11805,292.6
11806,192.8
11807,170.3
11808,17.1
11809,150.0
11810,19.9
11811,120.2
11812,496.8
11813,33.7
11814,14.4
11815,96.6
11816,80.4
11817,19.1
11818,74.0
11819,24.0
11820,214.4
11821,9.4
11822,191.5
11823,385.1
11824,221.5
11825,42.1
11826,64.5
11827,21.9
11828,392.9
11829,321.1
11830,58.6
11831,76.0
11832,91.6
11833,58.9
11834,24.0
11835,82.1
11836,79.1
11837,83.2
11838,82.3
11839,88.5
11840,571.8
11841,424.8
11842,12.8
11843,1212.1
11844,129.7
11845,53.1
11846,470.5
11847,56.0
11848,211.4
11849,12.4
11850,37.9
11851,3339.6
11852,42.7
11853,54.5
11854,172.7
11855,234.7
11856,21.0
11857,290.8
11858,124.2
11859,366.4
11860,217.4
11861,553.9
11862,75.8
11863,139.0
11864,105.0
11865,129.6
11866,86.1
11867,75.5
11868,165.1
11869,27.1
11870,54.4
11871,104.2
11872,35.3
11873,42.7
11874,11.1
11875,87.9
11876,217.3
11877,1123.3
11878,3226.0
11879,329.0
11880,468.9
11881,30.7
11882,62.8
11883,122.9
11884,74.9
11885,62.2
11886,63.1
11887,115.1
11888,39.0
11889,177.5
11890,310.4
11891,537.4
11892,71.9
11893,77.3
11894,22.5
11895,44.4
11896,676.4
11897,28.6
11898,327.6
11899,18.4
11900,288.5
11901,11.2
11902,202.7
11903,114.6
11904,15.5
11905,300.8
11906,107.2
11907,25.2
11908,340.0
11909,175.2
11910,681.6
11911,368.0
11912,100.3
11913,18.2
11914,26.5
11915,12.1
11916,431.4
11917,86.5
11918,1056.9
11919,66.3
11920,42.3
11921,27.2
11922,226.6
11923,26.0
11924,11.7
11925,236.9
11926,105.4
11927,424.5
11928,8.8
11929,89.5
11930,45.7
11931,37.8
11932,649.2
11933,8.9
11934,70.0
11935,18.6
11936,1697.2
11937,964.4
11938,17.6
11939,277.9
11940,180.7
11941,142.9
11942,82.2
11943,167.3
11944,20.9
11945,1528.8
11946,90.5
11947,12.9
11948,253.1
11949,516.6
11950,111.6
11951,24.6
11952,29.2
11953,29.4
11954,69.0
11955,110.6
11956,181.6
11957,27.0
11958,1411.0
11959,528.2
11960,495.3
11961,29.4
11962,64.1
11963,57.4
11964,5.9
11965,50.9
11966,48.3
11967,98.7
11968,73.4
11969,188.4
11970,180.7
11971,84.8
11972,82.0
11973,59.7
11974,96.4
11975,57.2
11976,380.5
11977,37.8
11978,57.6
11979,71.7
11980,10.4
11981,105.6
11982,17.2
11983,188.3
11984,11.7
11985,137.5
11986,42.5
11987,38.4
11988,56.1
11989,97.2
11990,406.4
11991,167.5
11992,44.1
11993,74.0
11994,256.2
11995,933.8
11996,69.0
11997,22.7
11998,202.2
11999,826.1
12000,126.4
12001,1331.9
12002,88.2
12003,1075.8
12004,104.4
12005,172.0
12006,76.4
12007,161.5
12008,99.1
12009,330.5
12010,236.0
12011,37.4
12012,63.5
12013,41.7
12014,80.4
12015,43.2
12016,185.7
12017,559.4
12018,72.7
12019,69.4
12020,49.5
12021,206.6
12022,45.5
12023,57.9
12024,90.6
12025,86.4
12026,60.0
12027,52.8
12028,48.4
12029,15.9
12030,616.6
12031,229.9
12032,95.8
12033,370.1
12034,1187.6
12035,59.5
12036,129.2
12037,30.4
12038,24.8
12039,33.4
12040,370.7
12041,126.4
12042,55.3
12043,87.3
12044,69.1
12045,91.1
12046,1080.7
12047,13.6
12048,122.7
12049,59.5
12050,33.2
12051,931.4
12052,499.3
12053,54.6
12054,99.3
12055,473.9
12056,13.6
12057,243.0
12058,162.7
12059,23.0
12060,59.7
12061,133.5
12062,86.3
12063,24.3
12064,24.1
12065,305.9
12066,47.3
12067,67.1
12068,311.3
12069,41.8
12070,80.5
12071,104.2
12072,43.9
12073,44.6
12074,11.7
12075,6.6
12076,262.2
12077,471.5
12078,244.1
12079,66.8
12080,251.3
12081,102.9
12082,147.0
12083,121.6
12084,122.9
12085,39.4
12086,853.6
12087,48.1
12088,338.5
12089,36.7
12090,597.0
12091,136.5
12092,875.0
12093,464.8
12094,23.6
12095,88.1
12096,6.4
12097,117.2
12098,435.6
12099,131.5
12100,384.2
12101,26.5
12102,395.0
12103,19.9
12104,597.9
12105,49.4
12106,77.3
12107,23.3
12108,54.5
12109,276.5
12110,118.0
12111,36.6
12112,66.9
12113,74.1
12114,298.8
12115,93.7
12116,57.6
12117,58.8
12118,30.4
12119,56.0
12120,33.1
12121,427.8
12122,20.7
12123,74.7
12124,35.0
12125,213.7
12126,232.6
12127,19.7
12128,255.2
12129,18.4
12130,28.4
12131,153.5
12132,19.9
12133,82.3
12134,66.0
12135,28.4
12136,622.7
12137,1030.7
12138,22.6
12139,323.3
12140,84.1
12141,716.6
12142,308.9
12143,106.0
12144,21.5
12145,17.0
12146,148.1
12147,86.2
12148,43.0
12149,119.4
12150,370.9
12151,51.1
12152,102.8
12153,239.0
12154,162.1
12155,273.1
12156,32.8
12157,90.5
12158,27.6
12159,63.1
12160,383.0
12161,167.4
12162,291.2
12163,104.5
12164,18.6
12165,18.9
12166,81.7
12167,21.5
12168,101.5
12169,41.7
12170,11.2
12171,112.4
12172,27.5
12173,308.6
12174,16.5
12175,12.4
12176,2066.1
12177,76.0
12178,150.5
12179,121.3
12180,120.1
12181,1190.2
12182,74.5
12183,120.6
12184,19.6
12185,239.1
12186,30.4
12187,15.6
12188,25.5
12189,34.3
12190,22.9
12191,364.5
12192,51.2
12193,138.0
12194,109.4
12195,42.0
12196,92.6
12197,84.6
12198,24.3
12199,26.8
12200,373.2
12201,400.2
12202,123.0
12203,22.1
12204,237.9
12205,30.4
12206,179.2
12207,515.6
12208,68.3
12209,20.7
12210,40.0
12211,47.1
12212,1605.2
12213,78.6
12214,92.6
12215,218.0
12216,13.2
12217,40.5
12218,177.0
12219,44.4
12220,25.4
12221,42.2
12222,83.0
12223,41.8
12224,46.6
12225,43.7
12226,480.8
12227,17.2
12228,8.0
12229,16.5
12230,7.4
12231,36.4
12232,160.7
12233,15.2
12234,41.7
12235,2782.1
12236,60.0
12237,342.3
12238,113.6
12239,192.7
12240,164.1
12241,49.0
12242,38.7
12243,226.1
12244,69.8
12245,42.7
12246,28.9
12247,18.2
12248,358.1
12249,70.7
12250,23.7
12251,1152.7
12252,77.1
12253,103.6
12254,238.7
12255,65.2
12256,431.3
12257,1651.0
12258,91.8
12259,170.2
12260,2914.1
12261,533.7
12262,524.9
12263,189.5
12264,1068.6
12265,737.1
12266,40.5
12267,22.2
12268,96.4
12269,386.9
12270,61.6
12271,54.0
12272,14.7
12273,34.5
12274,23.1
12275,853.4
12276,49.5
12277,18.0
12278,750.6
12279,63.7
12280,103.8
12281,605.6
12282,195.6
12283,114.9
12284,203.8
12285,32.6
12286,93.3
12287,288.2
12288,45.9
12289,84.8
12290,43.4
12291,3397.7
12292,156.0
12293,49.0
12294,33.5
12295,90.1
12296,10.8
12297,114.0
12298,20.9
12299,604.6
12300,35.3
12301,76.9
12302,142.0
12303,51.0
12304,285.4
12305,226.5
12306,533.8
12307,65.1
12308,41.0
12309,35.6
12310,23.7
12311,89.9
12312,222.6
12313,49.3
12314,169.1
12315,28.3
12316,148.1
12317,20.6
12318,64.1
12319,363.8
12320,798.8
12321,26.4
12322,384.2
12323,23.4
12324,305.0
12325,172.0
12326,26.2
12327,120.2
12328,68.8
12329,22.8
12330,337.5
12331,390.0
12332,15.9
12333,14.4
12334,71.9
12335,139.4
12336,51.9
12337,105.9
12338,76.3
12339,30.5
12340,288.4
12341,24.8
12342,50.2
12343,10.7
12344,232.5
12345,12.1
12346,181.1
12347,1216.1
12348,173.0
12349,576.9
12350,29.9
12351,25.0
12352,38.9
12353,138.8
12354,47.2
12355,486.9
12356,112.1
12357,146.3
12358,298.6
12359,48.1
12360,121.2
12361,277.8
12362,198.3
12363,251.2
12364,55.8
12365,213.5
12366,16.9
12367,52.8
12368,60.7
12369,663.1
12370,200.4
12371,15.3
12372,29.6
12373,54.5
12374,79.3
12375,71.5
12376,57.3
12377,22.8
12378,206.5
12379,207.1
12380,512.4
12381,191.7
12382,112.9
12383,26.6
12384,736.9
12385,57.8
12386,184.1
12387,78.2
12388,260.2
12389,110.4
12390,161.7
12391,95.9
12392,924.7
12393,62.8
12394,2350.6
12395,20.5
12396,31.1
12397,66.8
12398,78.5
12399,973.4
12400,253.3
12401,71.2
12402,30.5
12403,8.8
12404,38.5
12405,417.6
12406,18.9
12407,24.0
12408,98.1
12409,359.2
12410,39.0
12411,64.2
12412,97.6
12413,7.6
12414,214.1
12415,28.7
12416,663.8
12417,9.8
12418,87.5
12419,27.6
12420,95.8
12421,48.6
12422,682.0
12423,77.9
12424,93.3
12425,57.3
12426,412.7
12427,19.8
12428,54.8
12429,53.4
12430,184.4
12431,813.6
12432,40.8
12433,51.1
12434,87.9
12435,374.6
12436,24.9
12437,40.8
12438,91.5
12439,860.8
12440,138.1
12441,19.7
12442,31.9
12443,44.0
12444,153.8
12445,235.8
12446,2937.4
12447,92.2
12448,188.2
12449,212.2
12450,189.1
12451,57.8
12452,450.2
12453,59.9
12454,87.9
12455,6.8
12456,113.1
12457,63.6
12458,75.8
12459,41.7
12460,87.6
12461,64.0
12462,58.1
12463,209.3
12464,125.5
12465,78.3
12466,63.0
12467,70.0
12468,17.5
12469,132.4
12470,79.4
12471,294.5
12472,201.5
12473,24.6
12474,495.1
12475,156.5
12476,144.6
12477,46.5
12478,13.6
12479,97.7
12480,20.7
12481,8.6
12482,67.6
12483,47.0
12484,42.6
12485,152.1
12486,157.8
12487,68.8
12488,58.8
12489,111.5
12490,261.0
12491,53.4
12492,57.0
12493,131.5
12494,130.0
12495,445.8
12496,49.0
12497,13.0
12498,241.1
12499,124.4
12500,69.7
12501,246.5
12502,192.6
12503,127.8
12504,279.1
12505,661.1
12506,25.2
12507,439.4
12508,44.2
12509,96.4
12510,48.8
12511,296.8
12512,560.0
12513,42.9
12514,283.7
12515,399.8
12516,969.3
12517,118.2
12518,40.2
12519,2078.1
12520,13.8
12521,673.9
12522,50.6
12523,176.0
12524,78.6
12525,12.2
12526,4381.7
12527,65.5
12528,152.0
12529,9.5
12530,49.0
12531,64.3
12532,161.5
12533,20.5
12534,83.6
12535,76.4
12536,121.2
12537,309.1
12538,149.4
12539,156.5
12540,41.9
12541,58.7
12542,29.2
12543,36.7
12544,163.5
12545,20.7
12546,50.0
12547,103.5
12548,64.7
12549,9.6
12550,355.0
12551,242.2
12552,37.2
12553,148.4
12554,48.4
12555,47.2
12556,41.3
12557,40.1
12558,314.6
12559,76.7
12560,81.3
12561,47.4
12562,31.1
12563,20.0
12564,10.2
12565,8.4
12566,151.5
12567,13.3
12568,372.3
12569,76.0
12570,35.1
12571,40.0
12572,647.3
12573,26.9
12574,27.6
12575,8.6
12576,223.6
12577,66.7
12578,84.6
12579,56.1
12580,120.0
12581,55.4
12582,97.0
12583,66.6
12584,188.5
12585,77.5
12586,20.8
12587,144.8
12588,111.3
12589,22.7
12590,124.5
12591,46.9
12592,422.9
12593,217.9
12594,251.3
12595,1244.8
12596,324.7
12597,99.9
12598,46.6
12599,25.0
12600,611.0
12601,28.9
12602,15.6
12603,15.7
12604,53.7
12605,477.7
12606,93.3
12607,487.0
12608,34.7
12609,46.0
12610,17.5
12611,9.0
12612,194.0
12613,1008.0
12614,25.5
12615,469.9
12616,46.0
12617,82.2
12618,623.1
12619,29.5
12620,39.8
12621,18.8
12622,105.7
12623,39.9
12624,188.7
12625,66.8
12626,25.0
12627,170.4
12628,96.0
12629,198.1
12630,251.8
12631,95.3
12632,48.4
12633,14.9
12634,35.5
12635,65.0
12636,70.5
12637,60.5
12638,348.7
12639,83.0
12640,67.8
12641,62.4
12642,107.1
12643,22.7
12644,99.8
12645,55.3
12646,41.3
12647,65.5
12648,64.6
12649,51.5
12650,46.7
12651,745.4
12652,13.6
12653,110.0
12654,76.8
12655,146.0
12656,1224.4
12657,56.8
12658,111.4
12659,78.9
12660,21.0
12661,123.6
12662,78.3
12663,157.7
12664,112.3
12665,81.1
12666,12.5
12667,67.5
12668,58.9
12669,73.1
12670,17.2
12671,61.4
12672,278.4
12673,13.5
12674,174.3
12675,58.3
12676,77.4
12677,94.8
12678,125.6
12679,84.6
12680,559.9
12681,355.2
12682,22.0
12683,8.1
12684,371.1
12685,43.1
12686,14.9
12687,18.8
12688,105.5
12689,58.0
12690,38.0
12691,79.0
12692,1208.3
12693,19.7
12694,512.8
12695,83.0
12696,49.7
12697,51.6
12698,129.7
12699,21.1
12700,59.2
12701,142.2
12702,47.4
12703,378.6
12704,32.6
12705,273.2
12706,110.8
12707,344.5
12708,55.2
12709,39.2
12710,75.1
12711,56.6
12712,15.3
12713,555.5
12714,96.4
12715,201.8
12716,38.3
12717,1847.1
12718,124.2
12719,65.9
12720,362.0
12721,45.4
12722,97.9
12723,87.8
12724,50.7
12725,13.0
12726,35.5
12727,85.2
12728,16.4
12729,892.0
12730,325.5
12731,49.1
12732,23.8
12733,8.7
12734,31.8
12735,113.8
12736,878.2
12737,12.3
12738,285.9
12739,32.3
12740,13.7
12741,103.4
12742,101.6
12743,72.9
12744,39.1
12745,126.4
12746,12.9
12747,84.3
12748,553.8
12749,42.2
12750,57.0
12751,168.1
12752,24.6
12753,37.7
12754,750.8
12755,81.5
12756,1113.7
12757,613.0
12758,17.0
12759,238.0
12760,262.4
12761,388.8
12762,48.8
12763,270.6
12764,60.6
12765,31.9
12766,504.2
12767,15.1
12768,64.3
12769,60.6
12770,183.9
12771,11.9
12772,9.6
12773,122.8
12774,22.3
12775,29.3
12776,40.2
12777,666.3
12778,91.3
12779,178.4
12780,51.2
12781,51.6
12782,28.9
12783,679.1
12784,108.3
12785,85.2
12786,267.3
12787,551.3
12788,27.5
12789,597.9
12790,75.6
12791,221.4
12792,424.3
12793,64.0
12794,45.8
12795,26.8
12796,140.3
12797,26.8
12798,34.4
12799,6.2
12800,1401.0
12801,105.2
12802,427.5
12803,31.4
12804,11.9
12805,124.5
12806,249.4
12807,301.6
12808,170.2
12809,17.0
12810,32.3
12811,22.4
12812,156.9
12813,47.1
12814,55.2
12815,185.2
12816,990.6
12817,340.7
12818,656.3
12819,41.6
12820,340.8
12821,189.3
12822,308.2
12823,190.0
12824,718.5
12825,399.1
12826,154.3
12827,120.8
12828,781.2
12829,69.6
12830,16.1
12831,93.4
12832,109.3
12833,115.3
12834,32.8
12835,26.2
12836,45.3
12837,11.2
12838,115.2
12839,46.5
12840,622.3
12841,195.1
12842,142.8
12843,637.2
12844,30.7
12845,174.8
12846,144.1
12847,17.2
12848,341.3
12849,26.7
12850,88.4
12851,49.6
12852,49.0
12853,528.8
12854,341.0
12855,177.7
12856,38.0
12857,255.7
12858,278.6
12859,112.1
12860,57.8
12861,24.1
12862,8.8
12863,484.5
12864,37.2
12865,2621.3
12866,85.1
12867,61.6
12868,180.3
12869,40.6
12870,182.5
12871,14.4
12872,241.0
12873,56.3
12874,72.8
12875,61.0
12876,91.9
12877,55.5
12878,99.5
12879,176.7
12880,123.9
12881,34.5
12882,1662.9
12883,286.9
12884,82.7
12885,86.3
12886,113.4
12887,488.8
12888,44.4
12889,55.0
12890,26.5
12891,34.2
12892,95.9
12893,15.6
12894,20.3
12895,105.3
12896,8.4
12897,22.9
12898,6.9
12899,74.4
12900,45.2
12901,1096.8
12902,23.5
12903,12.5
12904,56.5
12905,59.2
12906,45.2
12907,60.8
12908,219.3
12909,14.4
12910,32.1
12911,98.5
12912,208.4
12913,377.4
12914,57.5
12915,140.3
12916,56.3
12917,63.1
12918,41.4
12919,21.3
12920,35.1
12921,609.1
12922,41.6
12923,64.1
12924,35.7
12925,148.9
12926,113.9
12927,1222.3
12928,83.9
12929,121.9
12930,125.2
12931,872.5
12932,9.7
12933,7.4
12934,29.6
12935,153.9
12936,67.1
12937,27.8
12938,25.4
12939,422.9
12940,284.4
12941,9.6
12942,81.5
12943,827.6
12944,1347.0
12945,41.3
12946,16.5
12947,29.2
12948,38.2
12949,17.0
12950,180.3
12951,1163.3
12952,31.3
12953,254.8
12954,34.6
12955,40.6
12956,173.4
12957,256.0
12958,10.1
12959,223.2
12960,25.9
12961,180.2
12962,112.1
12963,52.2
12964,64.0
12965,86.4
12966,46.1
12967,1260.1
12968,145.0
12969,30.7
12970,342.9
12971,111.5
12972,36.8
12973,403.0
12974,94.0
12975,80.0
12976,36.7
12977,44.7
12978,124.8
12979,55.6
12980,20.5
12981,90.7
12982,104.6
12983,39.4
12984,357.1
12985,87.2
12986,81.0
12987,238.8
12988,284.4
12989,19.6
12990,111.3
12991,71.0
12992,275.8
12993,26.6
12994,104.9
12995,188.3
12996,295.2
12997,149.0
12998,491.4
12999,273.4
13000,106.8
13001,39.2
13002,34.1
13003,88.0
13004,250.6
13005,19.1
13006,115.6
13007,72.3
13008,16.1
13009,22.5
13010,241.0
13011,17.6
13012,17.0
13013,461.6
13014,97.0
13015,13.9
13016,45.4
13017,85.9
13018,81.8
13019,14.4
13020,99.5
13021,208.8
13022,52.5
13023,97.8
13024,29.0
13025,129.2
13026,49.5
13027,228.4
13028,97.6
13029,88.9
13030,204.9
13031,54.0
13032,39.2
13033,91.5
13034,70.1
13035,168.3
13036,52.3
13037,387.0
13038,18.6
13039,82.7
13040,52.8
13041,352.8
13042,26.0
13043,75.4
13044,32.0
13045,65.5
13046,9.0
13047,40.4
13048,726.8
13049,176.8
13050,695.1
13051,193.0
13052,18.2
13053,10.4
13054,52.4
13055,603.5
13056,226.2
13057,13.1
13058,100.6
13059,226.2
13060,922.5
13061,230.3
13062,304.1
13063,271.4
13064,213.4
13065,104.7
13066,33.3
13067,10.1
13068,17.0
13069,62.7
13070,384.6
13071,15.8
13072,326.7
13073,1639.5
13074,210.6
13075,70.8
13076,378.8
13077,147.5
13078,77.8
13079,26.8
13080,32.6
13081,9.0
13082,37.0
13083,271.7
13084,77.3
13085,34.1
13086,45.8
13087,301.2
13088,82.7
13089,116.5
13090,791.0
13091,39.0
13092,46.6
13093,53.3
13094,852.5
13095,114.0
13096,151.2
13097,271.7
13098,57.8
13099,27.1
13100,74.2
13101,70.4
13102,337.9
13103,594.4
13104,64.9
13105,98.4
13106,40.0
13107,79.7
13108,28.3
13109,73.8
13110,166.4
13111,76.9
13112,8.3
13113,252.3
13114,25.9
13115,76.1
13116,66.3
13117,268.5
13118,66.8
13119,51.8
13120,21.6
13121,166.5
13122,495.6
13123,66.8
13124,39.4
13125,222.4
13126,417.5
13127,65.1
13128,25.4
13129,556.2
13130,574.1
13131,13.3
13132,52.6
13133,230.1
13134,41.9
13135,23.8
13136,94.0
13137,21.2
13138,638.2
13139,48.2
13140,78.9
13141,1730.7
13142,7.4
13143,36.3
13144,53.1
13145,38.5
13146,89.0
13147,97.5
13148,17.1
13149,146.1
13150,158.9
13151,16.2
13152,41.1
13153,44.2
13154,711.6
13155,169.6
13156,84.6
13157,6.6
13158,13.8
13159,99.2
13160,96.8
13161,78.9
13162,27.3
13163,118.4
13164,123.2
13165,63.6
13166,104.3
13167,108.7
13168,64.9
13169,373.2
13170,45.2
13171,68.7
13172,231.8
13173,21.8
13174,65.4
13175,50.0
13176,444.8
13177,69.8
13178,490.1
13179,464.0
13180,84.2
13181,47.9
13182,123.7
13183,149.8
13184,370.3
13185,161.6
13186,87.9
13187,339.0
13188,271.7
13189,120.9
13190,69.2
13191,340.8
13192,34.1
13193,12.7
13194,911.9
13195,209.9
13196,98.8
13197,80.7
13198,25.5
13199,88.1
13200,10.8
13201,202.8
13202,47.7
13203,103.9
13204,362.1
13205,245.7
13206,28.4
13207,34.2
13208,130.6
13209,83.9
13210,8.4
13211,130.0
13212,37.6
13213,154.6
13214,126.4
13215,141.0
13216,93.5
13217,42.7
13218,135.1
13219,23.7
13220,93.0
13221,55.2
13222,21.2
13223,239.2
13224,71.7
13225,69.2
13226,78.4
13227,80.5
13228,105.8
13229,13.0
13230,39.4
13231,36.2
13232,89.9
13233,13.6
13234,42.7
13235,11.8
13236,52.5
13237,384.8
13238,232.1
13239,133.4
13240,24.8
13241,11.0
13242,316.1
13243,120.6
13244,68.6
13245,44.9
13246,190.8
13247,103.4
13248,53.3
13249,116.1
13250,34.0
13251,48.0
13252,124.6
13253,86.8
13254,36.6
13255,336.4
13256,205.3
13257,142.2
13258,81.6
13259,77.8
13260,26.6
13261,393.6
13262,113.8
13263,219.1
13264,57.8
13265,189.2
13266,123.8
13267,12.1
13268,2577.2
13269,20.7
13270,90.5
13271,22.6
13272,57.5
13273,51.0
13274,93.5
13275,363.3
13276,18.5
13277,256.5
13278,14.1
13279,430.5
13280,53.6
13281,98.2
13282,30.8
13283,173.7
13284,8.1
13285,131.8
13286,118.1
13287,27.1
13288,14.8
13289,51.7
13290,960.5
13291,20.9
13292,109.0
13293,68.4
13294,117.5
13295,405.0
13296,76.5
13297,244.1
13298,26.3
13299,116.3
13300,76.9
13301,23.5
13302,47.2
13303,92.5
13304,26.9
13305,101.8
13306,160.6
13307,91.1
13308,1058.9
13309,151.4
13310,32.0
13311,86.9
13312,194.7
13313,30.1
13314,794.7
13315,212.6
13316,270.7
13317,577.0
13318,197.0
13319,92.0
13320,13.6
13321,449.0
13322,260.9
13323,64.5
13324,1388.6
13325,60.6
13326,103.1
13327,420.8
13328,137.1
13329,193.9
13330,104.2
13331,190.3
13332,649.0
13333,208.0
13334,48.3
13335,311.4
13336,21.8
13337,43.4
13338,26.4
13339,7.1
13340,10.0
13341,250.1
13342,19.0
13343,64.5
13344,8.3
13345,28.6
13346,2048.5
13347,54.6
13348,7.9
13349,46.0
13350,496.5
13351,779.1
13352,121.0
13353,45.6
13354,31.5
13355,89.8
13356,294.1
13357,222.2
13358,43.6
13359,20.5
13360,201.9
13361,900.8
13362,55.5
13363,60.5
13364,33.8
13365,31.6
13366,31.4
13367,52.6
13368,17.5
13369,44.4
13370,28.5
13371,105.2
13372,230.1
13373,36.7
13374,113.2
13375,31.9
13376,112.7
13377,36.9
13378,41.0
13379,20.6
13380,47.3
13381,103.8
13382,80.5
13383,32.9
13384,123.9
13385,304.2
13386,499.3
13387,564.5
13388,558.4
13389,124.2
13390,30.2
13391,314.1
13392,104.4
13393,27.5
13394,43.8
13395,72.3
13396,23.1
13397,44.0
13398,73.1
13399,76.2
13400,70.0
13401,26.6
13402,540.4
13403,704.2
13404,709.5
13405,178.3
13406,86.5
13407,89.3
13408,127.6
13409,23.9
13410,63.0
13411,12.8
13412,152.0
13413,33.0
13414,1910.8
13415,119.6
13416,1053.8
13417,643.3
13418,18.1
13419,47.7
13420,157.7
13421,11.9
13422,1129.8
13423,79.8
13424,250.0
13425,8.7
13426,331.7
13427,19.8
13428,262.3
13429,284.1
13430,19.0
13431,41.0
13432,176.7
13433,2274.2
13434,165.2
13435,569.0
13436,8.3
13437,204.3
13438,69.5
13439,715.0
13440,272.7
13441,92.5
13442,104.3
13443,58.1
13444,64.3
13445,26.9
13446,54.7
13447,38.7
13448,49.2
13449,213.2
13450,128.8
13451,76.2
13452,20.4
13453,290.8
13454,381.2
13455,101.7
13456,229.2
13457,47.8
13458,32.9
13459,25.7
13460,392.8
13461,100.3
13462,145.7
13463,1766.7
13464,63.4
13465,164.2
13466,17.4
13467,56.8
13468,23.4
13469,272.6
13470,86.8
13471,35.7
13472,67.8
13473,1120.6
13474,297.8
13475,72.8
13476,79.7
13477,39.3
13478,28.0
13479,122.0
13480,168.9
13481,55.1
13482,203.5
13483,32.2
13484,64.5
13485,63.0
13486,107.1
13487,144.0
13488,100.2
13489,47.6
13490,81.2
13491,70.9
13492,62.0
13493,57.2
13494,203.6
13495,41.0
13496,70.9
13497,42.7
13498,145.8
13499,54.8
13500,88.1
13501,99.3
13502,13.1
13503,287.5
13504,382.4
13505,225.7
13506,271.2
13507,55.1
13508,126.1
13509,14.2
13510,75.2
13511,30.9
13512,1252.2
13513,142.7
13514,41.8
13515,17.6
13516,15.1
13517,112.6
13518,82.7
13519,20.0
13520,877.1
13521,22.5
13522,124.7
13523,356.4
13524,35.0
13525,718.9
13526,22.5
13527,1005.4
13528,47.1
13529,189.2
13530,307.0
13531,36.4
13532,96.9
13533,53.0
13534,35.4
13535,390.7
13536,59.3
13537,231.7
13538,142.5
13539,27.6
13540,175.5
13541,36.2
13542,14.0
13543,61.9
13544,69.3
13545,11.8
13546,76.7
13547,41.9
13548,121.6
13549,85.7
13550,42.0
13551,198.7
13552,220.5
13553,927.4
13554,1102.3
13555,695.6
13556,19.8
13557,42.0
13558,59.5
13559,523.2
13560,499.2
13561,17.8
13562,65.0
13563,23.1
13564,210.5
13565,162.3
13566,22.3
13567,25.4
13568,819.0
13569,987.0
13570,8.1
13571,49.0
13572,18.8
13573,239.1
13574,71.1
13575,152.2
13576,86.1
13577,106.8
13578,716.7
13579,31.4
13580,198.3
13581,36.1
13582,76.3
13583,152.7
13584,204.4
13585,242.2
13586,26.8
13587,10.4
13588,20.6
13589,335.9
13590,530.0
13591,106.9
13592,292.1
13593,98.3
13594,480.1
13595,66.6
13596,86.7
13597,160.8
13598,54.5
13599,183.1
13600,60.6
13601,120.6
13602,565.9
13603,34.7
13604,26.7
13605,180.5
13606,595.1
13607,11.6
13608,65.4
13609,142.4
13610,19.9
13611,23.0
13612,84.9
13613,235.3
13614,24.7
13615,98.8
13616,6.8
13617,9.5
13618,117.4
13619,1169.7
13620,85.9
13621,66.4
13622,332.2
13623,421.0
13624,599.1
13625,64.2
13626,18.6
13627,100.3
13628,63.0
13629,59.6
13630,204.1
13631,19.7
13632,167.5
13633,302.1
13634,490.0
13635,56.0
13636,31.5
13637,303.1
13638,47.2
13639,154.7
13640,5.1
13641,35.5
13642,274.0
13643,273.5
13644,547.3
13645,125.8
13646,327.9
13647,558.7
13648,77.5
13649,79.4
13650,33.4
13651,115.7
13652,28.4
13653,109.2
13654,56.4
13655,117.5
13656,74.9
13657,14.5
13658,74.3
13659,70.6
13660,23.5
13661,32.6
13662,37.7
13663,49.8
13664,130.6
13665,18.6
13666,22.3
13667,53.5
13668,66.1
13669,48.2
13670,13.9
13671,73.0
13672,39.8
13673,90.1
13674,117.8
13675,16.0
13676,132.4
13677,104.5
13678,8.0
13679,177.1
13680,31.3
13681,337.1
13682,119.9
13683,52.8
13684,73.8
13685,17.1
13686,161.2
13687,37.6
13688,79.2
13689,205.1
13690,44.8
13691,69.6
13692,418.6
13693,18.6
13694,53.3
13695,20.6
13696,51.4
13697,128.0
13698,444.1
13699,17.0
13700,1397.7
13701,134.5
13702,27.2
13703,786.9
13704,475.1
13705,464.8
13706,146.5
13707,82.3
13708,56.3
13709,1094.8
13710,316.7
13711,42.1
13712,81.9
13713,147.2
13714,2331.4
13715,1872.7
13716,98.5
13717,100.8
13718,106.8
13719,35.4
13720,109.8
13721,28.2
13722,62.7
13723,370.3
13724,126.1
13725,394.7
13726,22.3
13727,72.3
13728,49.3
13729,84.9
13730,123.3
13731,291.9
13732,621.3
13733,183.7
13734,26.4
13735,51.0
13736,40.1
13737,243.2
13738,125.0
13739,18.6
13740,54.2
13741,20.9
13742,21.2
13743,82.7
13744,72.2
13745,20.7
13746,51.2
13747,133.6
13748,34.4
13749,21.0
13750,349.6
13751,360.4
13752,39.7
13753,120.7
13754,204.0
13755,49.5
13756,86.2
13757,51.8
13758,139.3
13759,201.9
13760,11.4
13761,79.1
13762,123.2
13763,45.0
13764,64.9
13765,1210.2
13766,41.5
13767,46.6
13768,67.0
13769,626.0
13770,271.9
13771,81.0
13772,126.0
13773,235.6
13774,180.9
13775,456.9
13776,24.1
13777,551.6
13778,18.2
13779,26.5
13780,58.7
13781,232.5
13782,36.4
13783,1228.4
13784,73.4
13785,88.4
13786,275.7
13787,53.7
13788,11.2
13789,25.0
13790,157.8
13791,253.9
13792,59.2
13793,69.6
13794,232.5
13795,32.5
13796,35.3
13797,26.3
13798,1399.8
13799,191.1
13800,15.2
13801,72.1
13802,90.7
13803,73.9
13804,157.1
13805,46.4
13806,117.6
13807,54.4
13808,65.1
13809,26.3
13810,34.5
13811,55.1
13812,36.4
13813,303.5
13814,13.4
13815,69.2
13816,52.0
13817,86.7
13818,23.0
13819,135.9
13820,57.6
13821,74.3
13822,9.9
13823,46.6
13824,69.7
13825,43.9
13826,36.5
13827,37.9
13828,103.9
13829,49.6
13830,47.7
13831,91.0
13832,363.5
13833,143.7
13834,103.1
13835,142.4
13836,160.0
13837,98.4
13838,28.7
13839,18.3
13840,38.1
13841,45.3
13842,14.2
13843,650.9
13844,26.0
13845,162.8
13846,61.4
13847,98.6
13848,124.0
13849,81.2
13850,192.2
13851,27.1
13852,765.1
13853,43.7
13854,786.4
13855,10.9
13856,11.5
13857,186.2
13858,236.3
13859,82.9
13860,488.0
13861,21.1
13862,94.0
13863,68.4
13864,261.4
13865,13.7
13866,33.3
13867,11.9
13868,702.0
13869,46.4
13870,28.0
13871,181.4
13872,226.0
13873,8.3
13874,70.0
13875,82.4
13876,151.0
13877,114.6
13878,84.4
13879,52.1
13880,101.9
13881,39.2
13882,253.7
13883,15.2
13884,14.1
13885,207.2
13886,597.9
13887,76.5
13888,9.4
13889,9.1
13890,13.6
13891,191.5
13892,360.3
13893,52.2
13894,64.8
13895,183.3
13896,32.1
13897,123.5
13898,206.6
13899,51.8
13900,11.8
13901,75.0
13902,40.8
13903,1393.7
13904,34.4
13905,44.0
13906,278.5
13907,449.0
13908,74.3
13909,25.9
13910,67.6
13911,24.9
13912,328.8
13913,372.1
13914,177.0
13915,17.4
13916,30.9
13917,9.9
13918,124.5
13919,185.4
13920,28.3
13921,290.2
13922,942.1
13923,177.9
13924,580.5
13925,259.6
13926,70.8
13927,18.8
13928,33.4
13929,7.1
13930,326.2
13931,171.6
13932,72.4
13933,231.5
13934,290.1
13935,73.8
13936,1673.2
13937,30.8
13938,22.6
13939,27.4
13940,318.9
13941,170.2
13942,482.6
13943,122.6
13944,31.5
13945,17.5
13946,80.2
13947,50.5
13948,44.7
13949,40.8
13950,129.3
13951,50.8
13952,632.1
13953,1544.0
13954,117.2
13955,18.5
13956,71.2
13957,144.7
13958,123.3
13959,31.6
13960,36.3
13961,52.4
13962,165.1
13963,102.6
13964,1191.5
13965,123.2
13966,73.1
13967,294.2
13968,61.1
13969,238.9
13970,48.4
13971,46.2
13972,297.9
13973,1913.0
13974,32.0
13975,11.5
13976,103.0
13977,8.7
13978,124.9
13979,582.0
13980,20.1
13981,226.0
13982,44.7
13983,102.7
13984,32.1
13985,383.6
13986,89.7
13987,46.6
13988,80.9
13989,67.0
13990,215.5
13991,701.5
13992,43.4
13993,28.4
13994,48.8
13995,53.3
13996,10.7
13997,87.0
13998,11.6
13999,198.2
14000,782.6
14001,233.8
14002,68.2
14003,146.8
14004,60.3
14005,246.5
14006,105.5
14007,103.7
14008,26.0
14009,240.5
14010,87.2
14011,351.8
14012,408.7
14013,63.4
14014,43.3
14015,82.6
14016,56.3
14017,180.3
14018,85.2
14019,129.9
14020,18.7
14021,45.8
14022,1758.2
14023,237.8
14024,125.0
14025,69.0
14026,42.7
14027,1301.6
14028,19.1
14029,419.9
14030,138.9
14031,40.7
14032,24.7
14033,90.2
14034,32.4
14035,836.5
14036,65.4
14037,79.7
14038,38.6
14039,15.4
14040,29.0
14041,96.6
14042,55.3
14043,607.8
14044,18.6
14045,6.7
14046,289.4
14047,15.7
14048,157.5
14049,66.7
14050,35.4
14051,976.2
14052,103.1
14053,103.5
14054,60.5
14055,106.7
14056,613.0
14057,77.9
14058,23.5
14059,9.0
14060,10.6
14061,564.6
14062,159.5
14063,1228.7
14064,111.5
14065,22.9
14066,1028.3
14067,49.1
14068,28.2
14069,26.2
14070,46.0
14071,14.8
14072,81.7
14073,163.3
14074,18.9
14075,112.0
14076,18.5
14077,146.7
14078,36.2
14079,93.6
14080,63.1
14081,61.3
14082,77.2
14083,71.8
14084,15.0
14085,396.1
14086,478.6
14087,11.8
14088,236.5
14089,150.0
14090,36.2
14091,31.7
14092,25.8
14093,12.0
14094,179.7
14095,45.4
14096,70.2
14097,41.0
14098,40.6
14099,97.3
14100,492.3
14101,34.7
14102,44.8
14103,42.3
14104,15.3
14105,27.5
14106,206.5
14107,29.2
14108,241.4
14109,617.7
14110,115.4
14111,301.7
14112,613.7
14113,23.9
14114,156.5
14115,360.2
14116,159.9
14117,14.9
14118,38.5
14119,30.3
14120,233.4
14121,241.0
14122,41.7
14123,59.4
14124,276.3
14125,84.9
14126,214.0
14127,60.9
14128,148.0
14129,499.4
14130,28.2
14131,111.9
14132,31.5
14133,13.9
14134,648.4
14135,131.8
14136,9.5
14137,75.4
14138,14.6
14139,64.1
14140,149.2
14141,7.3
14142,140.6
14143,80.0
14144,60.2
14145,16.0
14146,44.1
14147,5.3
14148,294.0
14149,60.0
14150,57.3
14151,188.5
14152,242.6
14153,183.5
14154,458.9
14155,545.3
14156,38.2
14157,172.4
14158,59.4
14159,126.9
14160,368.3
14161,45.7
14162,18.6
14163,11.2
14164,153.7
14165,30.4
14166,30.7
14167,250.8
14168,149.5
14169,121.0
14170,565.0
14171,69.6
14172,85.3
14173,49.0
14174,553.4
14175,719.4
14176,235.5
14177,15.8
14178,10.0
14179,65.5
14180,115.6
14181,36.3
14182,472.4
14183,64.3
14184,89.9
14185,1554.0
14186,17.9
14187,522.1
14188,47.8
14189,33.0
14190,33.6
14191,150.1
14192,45.2
14193,46.1
14194,31.1
14195,40.2
14196,7.5
14197,147.5
14198,33.9
14199,51.5
14200,51.9
14201,322.0
14202,26.2
14203,61.9
14204,45.2
14205,21.2
14206,238.8
14207,615.5
14208,562.3
14209,20.2
14210,186.9
14211,152.5
14212,13.2
14213,47.7
14214,638.8
14215,1025.0
14216,747.7
14217,368.4
14218,23.4
14219,124.4
14220,450.7
14221,62.8
14222,33.1
14223,445.6
14224,21.2
14225,28.1
14226,24.7
14227,61.2
14228,275.0
14229,19.1
14230,296.0
14231,17.0
14232,39.5
14233,14.7
14234,7.8
14235,15.8
14236,22.6
14237,26.2
14238,68.0
14239,14.0
14240,44.6
14241,131.5
14242,388.5
14243,400.7
14244,17.9
14245,1644.3
14246,26.7
14247,96.0
14248,91.2
14249,107.4
14250,1446.8
14251,7.5
14252,26.6
14253,63.8
14254,178.6
14255,116.1
14256,34.5
14257,115.8
14258,70.2
14259,827.7
14260,89.9
14261,697.6
14262,99.1
14263,58.7
14264,324.6
14265,343.3
14266,145.1
14267,766.6
14268,45.9
14269,39.0
14270,97.2
14271,35.5
14272,66.2
14273,142.5
14274,20.8
14275,29.6
14276,294.7
14277,102.3
14278,948.7
14279,17.0
14280,375.4
14281,83.1
14282,42.3
14283,10.3
14284,14.2
14285,17.1
14286,350.3
14287,89.0
14288,109.2
14289,115.3
14290,62.0
14291,18.6
14292,64.0
14293,1437.0
14294,64.9
14295,403.7
14296,73.6
14297,154.5
14298,86.0
14299,393.7
14300,106.8
14301,383.8
14302,207.1
14303,657.0
14304,12.3
14305,30.2
14306,550.7
14307,51.0
14308,363.0
14309,18.2
14310,18.4
14311,39.3
14312,766.9
14313,568.2
14314,73.2
14315,20.3
14316,39.6
14317,213.6
14318,157.1
14319,193.4
14320,62.6
14321,21.8
14322,33.6
14323,86.7
14324,84.0
14325,22.3
14326,18.8
14327,49.4
14328,51.8
14329,607.6
14330,1450.8
14331,28.1
14332,307.8
14333,327.6
14334,57.1
14335,134.8
14336,40.7
14337,70.3
14338,51.0
14339,113.7
14340,95.5
14341,65.0
14342,879.3
14343,182.9
14344,8.8
14345,15.3
14346,17.3
14347,40.7
14348,16.2
14349,52.1
14350,245.2
14351,89.1
14352,119.7
14353,88.6
14354,331.4
14355,58.6
14356,48.6
14357,233.7
14358,15.4
14359,131.4
14360,37.1
14361,19.3
14362,22.2
14363,462.8
14364,50.1
14365,209.6
14366,87.2
14367,68.5
14368,30.7
14369,65.3
14370,18.3
14371,25.0
14372,56.5
14373,168.2
14374,13.6
14375,83.0
14376,193.2
14377,63.9
14378,131.3
14379,104.0
14380,230.5
14381,95.6
14382,51.5
14383,339.4
14384,60.8
14385,210.4
14386,146.8
14387,157.5
14388,776.0
14389,46.7
14390,72.9
14391,39.8
14392,23.0
14393,110.9
14394,127.5
14395,14.8
14396,57.8
14397,265.1
14398,129.5
14399,252.6
14400,49.1
14401,198.7
14402,227.7
14403,41.5
14404,658.5
14405,170.4
14406,3319.4
14407,959.7
14408,22.1
14409,22.2
14410,54.9
14411,114.9
14412,109.7
14413,35.5
14414,39.0
14415,109.0
14416,57.2
14417,32.6
14418,75.7
14419,64.7
14420,6.8
14421,55.9
14422,746.1
14423,8.5
14424,7.3
14425,130.3
14426,62.4
14427,206.1
14428,1786.0
14429,21.6
14430,33.0
14431,144.6
14432,67.8
14433,143.6
14434,136.8
14435,36.5
14436,96.1
14437,263.5
14438,9.9
14439,46.3
14440,282.7
14441,109.7
14442,91.6
14443,319.8
14444,107.8
14445,62.2
14446,277.2
14447,77.6
14448,8.7
14449,112.9
14450,109.0
14451,266.2
14452,117.9
14453,45.2
14454,46.5
14455,11.1
14456,22.6
14457,16.5
14458,23.2
14459,707.1
14460,115.2
14461,115.7
14462,12.1
14463,40.4
14464,165.4
14465,22.7
14466,13.6
14467,237.9
14468,275.9
14469,233.6
14470,1003.7
14471,7.1
14472,165.1
14473,24.4
14474,44.0
14475,20.3
14476,81.9
14477,529.5
14478,30.2
14479,51.1
14480,767.9
14481,55.0
14482,8.0
14483,16.3
14484,85.9
14485,259.2
14486,347.2
14487,281.2
14488,938.6
14489,70.4
14490,79.0
14491,91.1
14492,45.0
14493,878.9
14494,7.9
14495,165.0
14496,108.0
14497,124.8
14498,147.8
14499,21.2
14500,1356.1
14501,614.9
14502,182.7
14503,53.5
14504,37.8
14505,118.5
14506,484.5
14507,67.1
14508,28.7
14509,392.4
14510,26.9
14511,42.3
14512,818.6
14513,96.4
14514,96.0
14515,61.9
14516,20.1
14517,40.4
14518,33.4
14519,22.7
14520,101.7
14521,1855.7
14522,425.6
14523,175.4
14524,12.8
14525,257.0
14526,230.9
14527,124.8
14528,31.9
14529,37.5
14530,46.6
14531,131.5
14532,1137.1
14533,61.4
14534,142.6
14535,52.3
14536,17.6
14537,36.7
14538,40.8
14539,36.3
14540,37.5
14541,174.1
14542,31.9
14543,87.7
14544,81.9
14545,112.9
14546,143.1
14547,785.2
14548,61.9
14549,754.9
14550,510.8
14551,56.9
14552,140.9
14553,155.7
14554,465.5
14555,59.3
14556,188.7
14557,16.7
14558,86.8
14559,662.3
14560,25.2
14561,48.9
14562,41.3
14563,22.7
14564,5.7
14565,8.8
14566,23.5
14567,156.5
14568,70.1
14569,18.6
14570,35.8
14571,15.7
14572,11.7
14573,63.0
14574,182.9
14575,175.9
14576,37.5
14577,74.7
14578,56.5
14579,51.7
14580,51.5
14581,225.3
14582,2493.0
14583,96.7
14584,13.4
14585,135.0
14586,153.0
14587,449.7
14588,29.3
14589,42.0
14590,68.1
14591,24.9
14592,166.5
14593,200.1
14594,116.1
14595,83.8
14596,114.4
14597,66.0
14598,24.0
14599,95.6
14600,744.1
14601,31.3
14602,110.1
14603,59.1
14604,8.0
14605,55.1
14606,50.6
14607,89.0
14608,115.0
14609,394.0
14610,402.8
14611,1220.1
14612,21.4
14613,15.4
14614,214.6
14615,229.6
14616,17.0
14617,184.4
14618,63.1
14619,30.0
14620,194.6
14621,60.5
14622,81.1
14623,112.0
14624,119.9
14625,124.2
14626,338.6
14627,297.8
14628,46.6
14629,814.2
14630,85.6
14631,39.0
14632,74.5
14633,66.9
14634,17.5
14635,5.2
14636,30.8
14637,385.5
14638,8.0
14639,105.3
14640,149.5
14641,31.5
14642,63.8
14643,69.8
14644,14.9
14645,235.4
14646,354.6
14647,1525.5
14648,23.0
14649,332.7
14650,40.0
14651,173.7
14652,67.6
14653,299.7
14654,122.6
14655,145.9
14656,394.8
14657,86.6
14658,254.8
14659,1042.1
14660,36.6
14661,55.4
14662,51.3
14663,20.8
14664,33.5
14665,358.1
14666,18.1
14667,54.5
14668,54.0
14669,7.0
14670,32.1
14671,105.2
14672,83.4
14673,70.3
14674,183.6
14675,57.2
14676,90.5
14677,48.8
14678,463.4
14679,12.8
14680,384.9
14681,14.2
14682,14.9
14683,389.3
14684,278.1
14685,12.4
14686,87.2
14687,165.0
14688,11.4
14689,703.0
14690,57.9
14691,21.7
14692,196.7
14693,24.5
14694,52.7
14695,288.7
14696,82.1
14697,15.6
14698,492.3
14699,102.4
14700,120.2
14701,33.9
14702,97.7
14703,89.8
14704,687.8
14705,170.8
14706,39.7
14707,126.3
14708,15.7
14709,145.9
14710,229.2
14711,34.6
14712,37.4
14713,40.8
14714,2223.1
14715,174.2
14716,27.4
14717,113.5
14718,41.1
14719,79.3
14720,17.8
14721,39.9
14722,16.9
14723,66.3
14724,45.1
14725,105.6
14726,45.8
14727,671.9
14728,9.3
14729,62.6
14730,2676.8
14731,975.9
14732,72.6
14733,801.4
14734,240.6
14735,220.6
14736,78.1
14737,458.2
14738,1962.5
14739,538.8
14740,146.1
14741,75.3
14742,72.8
14743,116.8
14744,89.3
14745,28.5
14746,14.3
14747,84.7
14748,1495.1
14749,70.7
14750,57.2
14751,99.1
14752,26.6
14753,13.1
14754,383.1
14755,310.8
14756,19.8
14757,236.7
14758,22.6
14759,142.1
14760,28.7
14761,183.5
14762,37.2
14763,195.9
14764,715.8
14765,344.5
14766,48.7
14767,174.6
14768,196.8
14769,6.7
14770,319.8
14771,754.8
14772,319.9
14773,569.1
14774,13.1
14775,59.7
14776,141.9
14777,45.5
14778,27.0
14779,70.5
14780,685.3
14781,457.1
14782,565.0
14783,54.7
14784,671.9
14785,40.7
14786,97.9
14787,54.1
14788,37.8
14789,627.6
14790,34.9
14791,155.7
14792,22.6
14793,436.6
14794,102.3
14795,18.6
14796,225.8
14797,154.4
14798,22.1
14799,165.4
14800,77.4
14801,15.8
14802,183.6
14803,86.2
14804,88.3
14805,33.3
14806,50.2
14807,1634.9
14808,42.2
14809,18.5
14810,188.0
14811,78.9
14812,325.5
14813,20.5
14814,18.1
14815,32.4
14816,152.4
14817,72.3
14818,245.1
14819,200.6
14820,73.0
14821,96.7
14822,42.4
14823,56.3
14824,131.7
14825,781.2
14826,48.9
14827,173.3
14828,429.0
14829,68.2
14830,69.8
14831,10.9
14832,62.3
14833,15.9
14834,694.2
14835,102.3
14836,29.8
14837,159.1
14838,592.9
14839,287.9
14840,57.2
14841,129.8
14842,13.1
14843,56.8
14844,1264.7
14845,378.0
14846,81.3
14847,75.9
14848,196.4
14849,84.3
14850,154.9
14851,33.4
14852,44.3
14853,26.7
14854,37.4
14855,50.3
14856,178.4
14857,570.5
14858,48.1
14859,802.1
14860,207.8
14861,11.7
14862,108.2
14863,277.2
14864,282.3
14865,41.0
14866,171.9
14867,56.1
14868,31.4
14869,6.5
14870,89.1
14871,221.7
14872,423.0
14873,127.9
14874,82.4
14875,117.2
14876,47.0
14877,31.5
14878,28.9
14879,105.8
14880,14.7
14881,27.1
14882,31.6
14883,404.8
14884,214.2
14885,575.5
14886,155.7
14887,266.5
14888,10.3
14889,81.2
14890,76.4
14891,47.7
14892,196.2
14893,107.2
14894,1990.1
14895,11.5
14896,334.4
14897,59.6
14898,34.9
14899,101.5
14900,15.5
14901,619.6
14902,47.5
14903,11.4
14904,47.6
14905,99.0
14906,605.4
14907,8.6
14908,130.2
14909,19.1
14910,87.3
14911,25.9
14912,32.6
14913,15.2
14914,61.2
14915,86.4
14916,1000.1
14917,830.8
14918,39.5
14919,127.9
14920,102.1
14921,1281.5
14922,22.4
14923,120.9
14924,1284.7
14925,16.1
14926,350.5
14927,39.4
14928,274.1
14929,77.6
14930,7.9
14931,13.5
14932,15.5
14933,376.7
14934,11.9
14935,73.6
14936,12.7
14937,112.9
14938,938.8
14939,365.9
14940,253.7
14941,65.6
14942,69.1
14943,44.8
14944,60.2
14945,96.6
14946,76.5
14947,64.5
14948,118.9
14949,723.2
14950,142.6
14951,28.6
14952,362.8
14953,30.7
14954,1370.4
14955,87.6
14956,33.4
14957,34.8
14958,106.2
14959,513.1
14960,72.7
14961,38.3
14962,29.8
14963,17.5
14964,88.5
14965,15.0
14966,60.9
14967,621.7
14968,45.7
14969,34.0
14970,29.5
14971,698.4
14972,543.3
14973,351.6
14974,24.5
14975,234.6
14976,1798.0
14977,50.0
14978,377.0
14979,2167.9
14980,32.8
14981,133.4
14982,58.1
14983,1144.0
14984,168.2
14985,121.1
14986,52.0
14987,92.1
14988,74.1
14989,52.1
14990,552.0
14991,154.4
14992,35.6
14993,798.2
14994,10.3
14995,44.9
14996,68.8
14997,408.1
14998,34.4
14999,130.9
15000,42.2
15001,121.1
15002,50.8
15003,514.8
15004,16.0
15005,769.8
15006,20.1
15007,10.6
15008,17.3
15009,384.8
15010,85.9
15011,15.8
15012,31.7
15013,145.3
15014,41.9
15015,71.0
15016,27.9
15017,22.7
15018,30.7
15019,17.6
15020,65.7
15021,30.1
15022,121.0
15023,59.0
15024,159.0
15025,48.2
15026,30.4
15027,80.6
15028,51.2
15029,550.1
15030,64.9
15031,1407.7
15032,952.4
15033,21.3
15034,20.1
15035,58.4
15036,114.6
15037,83.9
15038,28.7
15039,576.4
15040,23.6
15041,120.9
15042,45.7
15043,324.7
15044,152.7
15045,74.1
15046,69.7
15047,70.6
15048,705.8
15049,121.1
15050,28.1
15051,519.9
15052,92.5
15053,75.0
15054,10.2
15055,73.4
15056,160.7
15057,235.9
15058,626.1
15059,62.1
15060,1059.6
15061,56.5
15062,72.0
15063,63.0
15064,1368.7
15065,200.0
15066,36.5
15067,8.1
15068,16.2
15069,619.0
15070,85.5
15071,41.6
15072,75.6
15073,74.5
15074,140.0
15075,90.6
15076,396.3
15077,12.6
15078,382.6
15079,444.5
15080,35.0
15081,161.3
15082,88.4
15083,131.6
15084,185.5
15085,31.6
15086,91.3
15087,44.9
15088,8.7
15089,61.1
15090,31.1
15091,63.7
15092,406.6
15093,484.7
15094,62.1
15095,838.3
15096,40.5
15097,127.7
15098,68.0
15099,393.1
15100,379.3
15101,24.4
15102,2350.2
15103,43.7
15104,43.4
15105,30.7
15106,21.1
15107,47.7
15108,41.6
15109,8.4
15110,40.2
15111,51.6
15112,189.5
15113,94.3
15114,64.3
15115,85.5
15116,371.7
15117,18.0
15118,248.7
15119,866.0
15120,82.4
15121,49.2
15122,77.8
15123,70.7
15124,192.9
15125,18.3
15126,70.3
15127,49.8
15128,90.9
15129,127.7
15130,196.6
15131,2336.5
15132,1275.0
15133,24.9
15134,38.3
15135,58.9
15136,55.2
15137,546.2
15138,39.1
15139,41.5
15140,42.2
15141,182.2
15142,443.6
15143,16.4
15144,37.9
15145,19.3
15146,96.9
15147,293.3
15148,45.1
15149,144.3
15150,174.3
15151,234.8
15152,40.8
15153,41.3
15154,1593.0
15155,243.6
15156,82.9
15157,119.5
15158,407.6
15159,148.4
15160,74.7
15161,76.5
15162,92.8
15163,26.6
15164,156.4
15165,22.5
15166,214.7
15167,87.1
15168,128.0
15169,238.1
15170,20.5
15171,75.6
15172,1529.8
15173,167.5
15174,338.9
15175,544.2
15176,46.6
15177,37.3
15178,269.3
15179,106.6
15180,157.1
15181,40.4
15182,50.3
15183,129.5
15184,114.2
15185,120.4
15186,26.7
15187,512.0
15188,147.0
15189,306.1
15190,52.7
15191,39.3
15192,63.4
15193,43.6
15194,68.7
15195,142.6
15196,22.9
15197,18.3
15198,174.0
15199,58.9
15200,228.6
15201,83.1
15202,17.5
15203,172.7
15204,61.2
15205,74.5
15206,136.3
15207,585.4
15208,68.1
15209,96.6
15210,26.1
15211,327.0
15212,263.8
15213,130.1
15214,30.8
15215,27.6
15216,34.2
15217,148.2
15218,70.3
15219,13.0
15220,819.6
15221,38.5
15222,239.2
15223,718.6
15224,26.9
15225,38.1
15226,294.0
15227,12.7
15228,74.3
15229,59.7
15230,170.1
15231,13.9
15232,12.0
15233,37.9
15234,46.1
15235,79.7
15236,1444.0
15237,33.6
15238,215.8
15239,35.3
15240,66.2
15241,99.5
15242,813.9
15243,41.6
15244,152.0
15245,241.4
15246,170.4
15247,234.2
15248,422.7
15249,22.0
15250,663.0
15251,69.6
15252,42.6
15253,645.7
15254,147.6
15255,644.0
15256,25.2
15257,72.9
15258,25.1
15259,39.6
15260,90.0
15261,15.1
15262,438.2
15263,98.9
15264,220.1
15265,43.2
15266,28.3
15267,45.1
15268,38.8
15269,421.9
15270,16.0
15271,10.5
15272,38.5
15273,267.4
15274,67.7
15275,44.9
15276,164.0
15277,67.6
15278,85.0
15279,34.9
15280,74.7
15281,127.2
15282,18.0
15283,74.0
15284,214.9
15285,34.6
15286,45.7
15287,762.0
15288,36.9
15289,133.5
15290,23.1
15291,13.4
15292,754.8
15293,41.2
15294,7.6
15295,6.6
15296,343.1
15297,441.2
15298,62.5
15299,71.3
15300,95.1
15301,15.4
15302,13.4
15303,67.1
15304,278.9
15305,33.7
15306,58.3
15307,332.5
15308,11.1
15309,24.5
15310,23.0
15311,23.3
15312,402.7
15313,189.7
15314,110.8
15315,26.4
15316,34.1
15317,36.0
15318,48.4
15319,15.8
15320,35.4
15321,93.3
15322,217.1
15323,399.2
15324,1023.8
15325,24.8
15326,251.7
15327,13.2
15328,17.9
15329,2261.1
15330,58.4
15331,29.4
15332,159.1
15333,6.3
15334,32.0
15335,159.0
15336,11.5
15337,39.0
15338,50.4
15339,43.3
15340,12.3
15341,73.9
15342,19.3
15343,21.4
15344,129.4
15345,61.3
15346,147.9
15347,58.3
15348,38.5
15349,91.4
15350,22.5
15351,535.8
15352,53.2
15353,123.4
15354,13.3
15355,71.8
15356,23.2
15357,555.0
15358,29.0
15359,33.0
15360,8.2
15361,25.4
15362,54.5
15363,329.7
15364,83.5
15365,253.8
15366,165.2
15367,47.6
15368,160.5
15369,30.6
15370,26.3
15371,192.9
15372,39.9
15373,1275.9
15374,1777.8
15375,82.8
15376,98.0
15377,62.0
15378,47.5
15379,207.8
15380,868.1
15381,872.6
15382,85.3
15383,201.8
15384,728.8
15385,29.3
15386,137.3
15387,49.2
15388,39.6
15389,30.9
15390,77.4
15391,24.6
15392,73.8
15393,742.8
15394,35.9
15395,25.9
15396,30.2
15397,54.6
15398,14.6
15399,51.8
15400,163.9
15401,13.6
15402,193.3
15403,48.1
15404,1243.5
15405,98.2
15406,51.2
15407,37.9
15408,55.9
15409,365.6
15410,40.0
15411,41.8
15412,1050.8
15413,98.7
15414,69.3
15415,35.0
15416,18.0
15417,94.8
15418,30.2
15419,112.7
15420,9.9
15421,185.6
15422,389.2
15423,27.6
15424,29.2
15425,55.6
15426,23.4
15427,22.7
15428,37.8
15429,92.3
15430,60.3
15431,204.5
15432,87.8
15433,48.5
15434,43.9
15435,51.7
15436,1505.6
15437,15.8
15438,93.0
15439,114.0
15440,385.8
15441,513.4
15442,126.5
15443,84.5
15444,68.7
15445,191.4
15446,1644.6
15447,346.9
15448,302.2
15449,129.7
15450,103.4
15451,305.2
15452,171.6
15453,53.3
15454,139.6
15455,145.7
15456,21.1
15457,98.0
15458,71.5
15459,44.3
15460,422.7
15461,56.6
15462,19.5
15463,239.5
15464,28.6
15465,29.3
15466,84.8
15467,72.0
15468,747.1
15469,175.0
15470,65.3
15471,25.4
15472,60.6
15473,26.9
15474,343.8
15475,25.1
15476,21.4
15477,40.6
15478,19.6
15479,154.9
15480,31.3
15481,531.5
15482,57.1
15483,48.8
15484,313.1
15485,132.0
15486,158.5
15487,134.3
15488,37.3
15489,256.2
15490,703.6
15491,56.6
15492,109.9
15493,55.8
15494,2295.0
15495,52.8
15496,87.2
15497,77.1
15498,73.9
15499,41.5
15500,49.4
15501,17.0
15502,222.3
15503,537.9
15504,36.2
15505,393.1
15506,167.1
15507,52.3
15508,41.6
15509,53.7
15510,28.5
15511,8.0
15512,42.9
15513,67.3
15514,46.1
15515,33.2
15516,90.5
15517,249.2
15518,802.8
15519,56.2
15520,53.8
15521,162.4
15522,28.9
15523,85.7
15524,165.9
15525,219.3
15526,65.9
15527,114.1
15528,46.7
15529,63.8
15530,7.9
15531,179.0
15532,14.4
15533,12.1
15534,109.3
15535,66.9
15536,34.2
15537,21.5
15538,44.7
15539,122.8
15540,56.0
15541,242.3
15542,12.2
15543,28.9
15544,12.4
15545,171.8
15546,65.3
15547,268.3
15548,76.8
15549,47.7
15550,426.5
15551,65.0
15552,14.8
15553,91.6
15554,13.7
15555,188.4
15556,75.5
15557,406.0
15558,688.9
15559,246.5
15560,75.6
15561,87.0
15562,871.1
15563,336.1
15564,50.0
15565,158.3
15566,667.2
15567,734.3
15568,37.5
15569,20.7
15570,52.4
15571,13.0
15572,529.3
15573,390.5
15574,230.2
15575,13.5
15576,169.6
15577,433.5
15578,1257.4
15579,76.2
15580,18.6
15581,1667.0
15582,21.2
15583,91.8
15584,119.8
15585,76.6
15586,1479.2
15587,571.3
15588,70.4
15589,22.7
15590,14.7
15591,31.6
15592,826.3
15593,57.4
15594,153.8
15595,288.5
15596,59.1
15597,51.6
15598,169.5
15599,39.4
15600,445.0
15601,694.1
15602,79.4
15603,26.8
15604,16.7
15605,260.1
15606,45.7
15607,83.7
15608,7.3
15609,60.2
15610,71.0
15611,124.3
15612,879.8
15613,16.0
15614,30.2
15615,358.5
15616,109.9
15617,219.5
15618,71.8
15619,25.5
15620,68.3
15621,203.1
15622,11.6
15623,129.0
15624,26.8
15625,131.2
15626,116.6
15627,168.9
15628,40.1
15629,613.0
15630,28.1
15631,81.5
15632,168.6
15633,45.2
15634,29.2
15635,71.4
15636,107.1
15637,13.6
15638,106.2
15639,40.5
15640,139.9
15641,492.6
15642,18.4
15643,26.3
15644,80.3
15645,10.0
15646,15.2
15647,124.6
15648,27.6
15649,71.8
15650,37.4
15651,77.2
15652,46.8
15653,41.6
15654,79.6
15655,374.8
15656,90.6
15657,317.8
15658,156.2
15659,227.9
15660,126.0
15661,205.9
15662,21.1
15663,630.0
15664,28.8
15665,319.4
15666,14.6
15667,316.8
15668,88.3
15669,17.0
15670,29.3
15671,129.2
15672,22.8
15673,27.0
15674,159.1
15675,15.1
15676,283.8
15677,115.6
15678,64.7
15679,102.4
15680,330.7
15681,822.8
15682,60.5
15683,24.3
15684,255.4
15685,24.3
15686,42.1
15687,224.9
15688,135.8
15689,41.0
15690,23.6
15691,57.9
15692,58.1
15693,196.4
15694,125.0
15695,101.9
15696,274.0
15697,588.3
15698,62.6
15699,48.5
15700,55.1
15701,19.1
15702,66.0
15703,50.4
15704,176.1
15705,59.0
15706,13.4
15707,10.6
15708,22.8
15709,127.6
15710,18.2
15711,651.5
15712,22.3
15713,481.1
15714,6.3
15715,9.3
15716,42.8
15717,158.5
15718,267.1
15719,43.5
15720,846.7
15721,873.5
15722,56.8
15723,131.2
15724,96.5
15725,22.0
15726,176.1
15727,53.2
15728,71.6
15729,118.1
15730,45.6
15731,49.1
15732,59.3
15733,54.6
15734,18.5
15735,56.6
15736,17.4
15737,87.5
15738,46.9
15739,83.7
15740,93.4
15741,217.2
15742,30.1
15743,109.2
15744,66.7
15745,54.9
15746,581.1
15747,188.4
15748,23.8
15749,372.2
15750,184.2
15751,220.0
15752,56.6
15753,78.1
15754,95.5
15755,133.5
15756,175.6
15757,298.5
15758,1574.4
15759,30.6
15760,14.4
15761,152.9
15762,31.2
15763,19.5
15764,57.3
15765,233.7
15766,119.9
15767,157.0
15768,76.1
15769,225.2
15770,62.6
15771,446.3
15772,52.1
15773,1025.3
15774,39.0
15775,52.5
15776,6.8
15777,15.4
15778,19.5
15779,88.3
15780,29.0
15781,143.7
15782,5.9
15783,18.2
15784,18.4
15785,53.9
15786,246.5
15787,132.5
15788,143.3
15789,133.6
15790,9.5
15791,96.4
15792,170.6
15793,23.5
15794,43.9
15795,170.0
15796,34.1
15797,278.8
15798,65.2
15799,148.8
15800,222.7
15801,34.2
15802,24.8
15803,45.4
15804,1201.8
15805,271.1
15806,132.3
15807,23.3
15808,79.1
15809,21.7
15810,640.6
15811,331.3
15812,10.4
15813,79.0
15814,317.8
15815,386.6
15816,40.7
15817,95.2
15818,220.3
15819,75.6
15820,115.4
15821,200.0
15822,33.3
15823,192.2
15824,530.7
15825,38.5
15826,24.2
15827,8.0
15828,46.2
15829,17.8
15830,25.6
15831,1838.0
15832,232.8
15833,142.2
15834,400.5
15835,45.6
15836,76.0
15837,28.2
15838,46.2
15839,185.5
15840,390.6
15841,71.8
15842,66.5
15843,315.9
15844,87.9
15845,75.9
15846,175.5
15847,68.8
15848,78.8
15849,45.8
15850,16.5
15851,172.2
15852,76.8
15853,218.7
15854,198.9
15855,44.6
15856,91.1
15857,822.9
15858,59.0
15859,33.2
15860,43.2
15861,14.6
15862,358.7
15863,134.2
15864,165.3
15865,15.0
15866,83.1
15867,33.3
15868,46.9
15869,54.0
15870,197.6
15871,13.0
15872,49.1
15873,29.0
15874,433.6
15875,10.0
15876,100.7
15877,88.6
15878,65.5
15879,125.9
15880,717.2
15881,31.9
15882,323.1
15883,137.1
15884,368.6
15885,723.7
15886,76.2
15887,1870.7
15888,39.9
15889,53.6
15890,17.2
15891,193.0
15892,70.2
15893,134.5
15894,12.8
15895,370.1
15896,2643.7
15897,77.0
15898,145.5
15899,14.5
15900,629.4
15901,111.4
15902,98.8
15903,105.9
15904,28.5
15905,16.8
15906,68.0
15907,143.3
15908,16.4
15909,89.2
15910,125.5
15911,775.7
15912,103.5
15913,974.4
15914,120.1
15915,39.1
15916,808.2
15917,28.1
15918,136.9
15919,46.8
15920,107.3
15921,430.6
15922,91.2
15923,70.8
15924,1207.1
15925,8.6
15926,93.1
15927,12.6
15928,352.7
15929,32.2
15930,58.5
15931,32.6
15932,27.2
15933,60.1
15934,789.0
15935,32.9
15936,221.8
15937,87.1
15938,158.0
15939,34.8
15940,82.1
15941,104.5
15942,102.3
15943,225.4
15944,55.5
15945,677.4
15946,12.5
15947,61.6
15948,348.7
15949,42.1
15950,69.4
15951,796.5
15952,266.4
15953,36.8
15954,124.1
15955,142.9
15956,88.3
15957,1377.9
15958,654.8
15959,561.1
15960,60.0
15961,129.8
15962,26.3
15963,242.1
15964,31.8
15965,36.4
15966,429.4
15967,33.7
15968,43.6
15969,85.3
15970,95.8
15971,175.8
15972,106.5
15973,128.1
15974,12.7
15975,54.0
15976,74.4
15977,124.7
15978,1375.2
15979,445.6
15980,459.1
15981,62.7
15982,34.5
15983,164.9
15984,14.0
15985,76.8
15986,82.0
15987,346.0
15988,48.5
15989,201.5
15990,331.8
15991,138.9
15992,1206.4
15993,59.7
15994,39.2
15995,28.9
15996,290.4
15997,251.3
15998,49.0
15999,45.3
16000,18.3
16001,976.2
16002,11.9
16003,74.0
16004,431.3
16005,56.2
16006,9.5
16007,29.2
16008,229.6
16009,310.3
16010,284.1
16011,228.0
16012,55.9
16013,1284.3
16014,199.0
16015,228.1
16016,51.9
16017,20.1
16018,46.3
16019,248.3
16020,299.4
16021,40.5
16022,19.5
16023,220.6
16024,21.7
16025,1651.2
16026,39.0
16027,62.0
16028,313.1
16029,41.2
16030,26.3
16031,28.6
16032,35.2
16033,115.5
16034,117.6
16035,785.9
16036,114.5
16037,178.3
16038,340.2
16039,114.7
16040,30.2
16041,78.4
16042,107.6
16043,75.1
16044,27.2
16045,22.3
16046,263.7
16047,163.1
16048,54.4
16049,39.7
16050,78.0
16051,65.3
16052,158.0
16053,116.7
16054,22.3
16055,16.8
16056,125.6
16057,30.4
16058,63.5
16059,314.5
16060,60.8
16061,444.1
16062,26.6
16063,35.9
16064,71.7
16065,16.4
16066,45.8
16067,91.7
16068,52.5
16069,53.9
16070,37.6
16071,44.8
16072,67.4
16073,165.1
16074,71.4
16075,1268.1
16076,172.1
16077,1536.7
16078,17.5
16079,101.6
16080,69.2
16081,235.2
16082,47.5
16083,21.8
16084,25.1
16085,69.0
16086,13.4
16087,9.8
16088,37.0
16089,61.5
16090,30.1
16091,45.6
16092,41.2
16093,58.6
16094,29.0
16095,269.3
16096,94.3
16097,10.0
16098,289.3
16099,170.7
16100,143.8
16101,599.7
16102,145.1
16103,151.7
16104,23.4
16105,6.1
16106,110.4
16107,43.2
16108,44.7
16109,169.5
16110,42.4
16111,225.7
16112,293.3
16113,44.2
16114,49.2
16115,75.0
16116,655.3
16117,67.7
16118,32.6
16119,536.1
16120,67.1
16121,33.6
16122,7.8
16123,20.8
16124,61.0
16125,96.3
16126,54.6
16127,9.8
16128,82.4
16129,26.1
16130,291.5
16131,21.2
16132,183.1
16133,114.9
16134,21.8
16135,75.0
16136,15.3
16137,95.6
16138,27.8
16139,10.4
16140,303.6
16141,152.5
16142,141.6
16143,65.6
16144,274.4
16145,352.1
16146,51.7
16147,111.6
16148,538.9
16149,231.4
16150,145.1
16151,529.8
16152,61.1
16153,615.9
16154,185.1
16155,76.9
16156,20.6
16157,178.3
16158,41.6
16159,232.0
16160,26.9
16161,72.0
16162,6.9
16163,148.4
16164,359.4
16165,31.6
16166,217.7
16167,430.2
16168,599.0
16169,56.8
16170,163.2
16171,11.4
16172,553.9
16173,239.5
16174,645.4
16175,18.2
16176,48.4
16177,669.2
16178,47.7
16179,9.8
16180,884.6
16181,71.9
16182,77.2
16183,298.9
16184,187.8
16185,122.0
16186,31.0
16187,15.0
16188,47.2
16189,57.3
16190,62.9
16191,1069.5
16192,130.7
16193,7.3
16194,198.1
16195,181.1
16196,51.4
16197,560.3
16198,261.5
16199,70.6
16200,141.0
16201,19.9
16202,320.6
16203,702.3
16204,83.2
16205,109.4
16206,37.6
16207,62.4
16208,15.4
16209,38.1
16210,255.0
16211,1252.5
16212,24.7
16213,100.2
16214,151.2
16215,29.2
16216,32.4
16217,77.6
16218,364.1
16219,87.6
16220,1264.9
16221,291.5
16222,196.1
16223,191.4
16224,14.1
16225,14.1
16226,142.5
16227,34.3
16228,30.5
16229,273.2
16230,66.0
16231,88.7
16232,106.4
16233,59.3
16234,97.5
16235,101.9
16236,16.8
16237,28.8
16238,55.2
16239,91.3
16240,395.4
16241,20.6
16242,132.4
16243,25.9
16244,407.7
16245,23.9
16246,134.5
16247,83.5
16248,47.1
16249,212.7
16250,68.3
16251,31.1
16252,130.0
16253,205.1
16254,55.3
16255,25.6
16256,70.1
16257,162.2
16258,43.8
16259,55.9
16260,73.0
16261,67.4
16262,43.7
16263,13.8
16264,50.7
16265,25.0
16266,171.8
16267,75.0
16268,219.8
16269,58.5
16270,10.1
16271,118.3
16272,31.6
16273,33.5
16274,174.5
16275,165.3
16276,83.5
16277,122.2
16278,265.0
16279,114.8
16280,40.4
16281,27.3
16282,137.3
16283,7.4
16284,298.0
16285,9.6
16286,675.3
16287,225.4
16288,118.8
16289,126.3
16290,36.9
16291,62.2
16292,1092.9
16293,60.6
16294,39.3
16295,542.0
16296,1751.3
16297,43.0
16298,73.5
16299,418.2
16300,51.3
16301,356.6
16302,25.5
16303,89.4
16304,406.0
16305,38.0
16306,16.0
16307,144.1
16308,6.4
16309,50.4
16310,180.6
16311,436.5
16312,78.1
16313,382.9
16314,39.2
16315,46.5
16316,487.9
16317,62.3
16318,122.2
16319,97.6
16320,12.6
16321,57.9
16322,23.6
16323,20.1
16324,86.6
16325,94.8
16326,55.5
16327,85.0
16328,279.8
16329,38.2
16330,33.5
16331,1627.1
16332,32.6
16333,101.7
16334,27.2
16335,238.1
16336,528.5
16337,44.5
16338,30.5
16339,147.4
16340,191.9
16341,144.6
16342,265.9
16343,1560.4
16344,122.4
16345,21.7
16346,50.6
16347,128.2
16348,362.8
16349,23.7
16350,8.6
16351,6.2
16352,187.4
16353,372.4
16354,116.6
16355,26.9
16356,13.7
16357,202.4
16358,101.6
16359,98.4
16360,203.9
16361,9.5
16362,55.2
16363,15.3
16364,40.6
16365,15.8
16366,76.9
16367,24.2
16368,173.2
16369,432.1
16370,683.5
16371,88.6
16372,245.3
16373,53.0
16374,98.6
16375,165.1
16376,287.5
16377,23.7
16378,46.7
16379,111.8
16380,310.2
16381,52.7
16382,1097.4
16383,7.2
16384,94.8
16385,206.8
16386,326.6
16387,398.9
16388,307.0
16389,70.0
16390,110.3
16391,10.9
16392,67.2
16393,74.9
16394,104.9
16395,56.5
16396,27.8
16397,1437.8
16398,94.1
16399,28.8
16400,264.7
16401,405.1
16402,37.0
16403,253.3
16404,196.6
16405,340.1
16406,34.4
16407,39.0
16408,237.9
16409,321.3
16410,94.6
16411,39.7
16412,63.3
16413,16.0
16414,89.6
16415,83.4
16416,14.6
16417,13.0
16418,13.6
16419,24.0
16420,1214.1
16421,138.6
16422,111.5
16423,98.9
16424,84.7
16425,15.9
16426,25.9
16427,50.8
16428,8.6
16429,98.4
16430,599.0
16431,36.7
16432,13.9
16433,33.2
16434,407.5
16435,117.7
16436,66.0
16437,10.5
16438,682.2
16439,94.2
16440,585.4
16441,58.5
16442,229.8
16443,283.6
16444,71.1
16445,184.7
16446,9.2
16447,14.8
16448,116.3
16449,350.3
16450,64.9
16451,61.3
16452,407.2
16453,177.6
16454,17.3
16455,48.3
16456,208.9
16457,60.9
16458,1536.4
16459,95.7
16460,77.4
16461,94.0
16462,103.5
16463,16.3
16464,70.9
16465,1662.9
16466,158.5
16467,114.4
16468,105.0
16469,35.8
16470,25.7
16471,98.8
16472,88.9
16473,47.5
16474,108.9
16475,64.9
16476,13.2
16477,9.8
16478,61.7
16479,13.9
16480,272.6
16481,39.0
16482,184.9
16483,89.2
16484,55.9
16485,348.4
16486,37.2
16487,57.2
16488,425.8
16489,399.3
16490,12.2
16491,131.4
16492,87.6
16493,90.7
16494,53.7
16495,142.8
16496,78.4
16497,16.0
16498,12.0
16499,11.1
16500,67.5
16501,252.2
16502,563.2
16503,60.0
16504,272.3
16505,1272.5
16506,8.4
16507,158.7
16508,144.8
16509,28.3
16510,22.5
16511,20.7
16512,114.8
16513,812.4
16514,146.4
16515,669.4
16516,406.2
16517,84.0
16518,155.2
16519,31.7
16520,276.3
16521,60.0
16522,228.2
16523,484.5
16524,18.9
16525,73.2
16526,90.3
16527,293.3
16528,62.6
16529,54.9
16530,117.5
16531,79.7
16532,204.6
16533,32.4
16534,322.0
16535,147.3
16536,278.1
16537,134.6
16538,51.3
16539,51.9
16540,34.4
16541,144.9
16542,77.3
16543,440.9
16544,12.9
16545,126.4
16546,202.1
16547,12.4
16548,200.5
16549,221.2
16550,17.0
16551,295.5
16552,22.0
16553,185.9
16554,62.9
16555,265.0
16556,249.7
16557,37.9
16558,24.1
16559,67.3
16560,70.5
16561,14.7
16562,177.4
16563,54.2
16564,75.9
16565,16.5
16566,55.0
16567,20.7
16568,105.2
16569,22.2
16570,49.2
16571,20.5
16572,161.2
16573,16.5
16574,213.8
16575,151.6
16576,93.9
16577,96.3
16578,166.8
16579,12.0
16580,42.2
16581,718.0
16582,197.1
16583,192.9
16584,291.5
16585,647.8
16586,231.4
16587,246.7
16588,679.6
16589,82.4
16590,66.6
16591,23.1
16592,118.2
16593,114.5
16594,389.8
16595,3022.6
16596,25.6
16597,448.8
16598,71.8
16599,183.4
16600,33.1
16601,127.7
16602,29.1
16603,226.4
16604,835.7
16605,22.6
16606,52.0
16607,53.0
16608,40.7
16609,65.2
16610,174.0
16611,54.5
16612,114.8
16613,101.6
16614,46.2
16615,27.3
16616,102.0
16617,33.0
16618,9.9
16619,106.5
16620,528.7
16621,62.1
16622,43.4
16623,79.9
16624,83.4
16625,360.5
16626,46.0
16627,17.5
16628,57.3
16629,351.9
16630,241.8
16631,206.9
16632,182.1
16633,61.1
16634,155.7
16635,19.5
16636,229.4
16637,16.8
16638,70.5
16639,26.0
16640,1017.8
16641,11.6
16642,97.5
16643,1505.6
16644,89.6
16645,26.1
16646,112.9
16647,31.7
16648,17.7
16649,118.0
16650,52.6
16651,12.0
16652,130.1
16653,22.9
16654,39.7
16655,41.4
16656,230.3
16657,41.6
16658,77.0
16659,283.5
16660,69.5
16661,85.5
16662,478.9
16663,34.4
16664,17.9
16665,1057.9
16666,1289.4
16667,436.8
16668,231.5
16669,63.5
16670,470.8
16671,16.8
16672,34.0
16673,314.1
16674,154.5
16675,95.5
16676,171.3
16677,38.3
16678,8.3
16679,24.9
16680,16.2
16681,34.6
16682,207.7
16683,27.5
16684,12.1
16685,78.6
16686,134.0
16687,98.5
16688,492.6
16689,68.8
16690,10.8
16691,7.9
16692,457.0
16693,61.4
16694,22.6
16695,21.2
16696,22.4
16697,82.5
16698,26.7
16699,254.5
16700,122.1
16701,40.4
16702,15.4
16703,49.6
16704,155.2
16705,68.9
16706,124.4
16707,151.0
16708,45.9
16709,398.9
16710,190.2
16711,9.4
16712,77.7
16713,25.0
16714,24.5
16715,156.3
16716,9.2
16717,31.5
16718,68.2
16719,41.7
16720,24.5
16721,55.0
16722,49.3
16723,21.0
16724,27.3
16725,42.0
16726,470.4
16727,8.1
16728,771.6
16729,75.0
16730,28.7
16731,29.1
16732,115.3
16733,60.5
16734,12.1
16735,19.1
16736,762.6
16737,329.1
16738,94.2
16739,469.8
16740,13.4
16741,47.7
16742,503.2
16743,97.1
16744,562.9
16745,308.5
16746,130.8
16747,65.2
16748,81.4
16749,7.0
16750,45.1
16751,169.5
16752,57.0
16753,9.1
16754,187.7
16755,42.4
16756,385.7
16757,42.4
16758,58.5
16759,109.4
16760,346.0
16761,113.4
16762,486.6
16763,239.4
16764,34.1
16765,33.3
16766,42.5
16767,212.0
16768,76.8
16769,676.1
16770,74.1
16771,69.2
16772,42.1
16773,990.2
16774,65.6
16775,15.4
16776,31.9
16777,40.6
16778,26.6
16779,83.6
16780,20.3
16781,84.5
16782,40.3
16783,244.6
16784,49.4
16785,11.3
16786,50.1
16787,74.9
16788,21.3
16789,64.7
16790,360.4
16791,127.7
16792,162.1
16793,45.1
16794,167.5
16795,55.7
16796,102.2
16797,190.5
16798,181.0
16799,419.4
16800,9.4
16801,82.4
16802,22.0
16803,19.2
16804,1072.5
16805,226.0
16806,219.0
16807,39.2
16808,38.1
16809,121.3
16810,169.2
16811,479.2
16812,100.2
16813,37.4
16814,17.8
16815,130.5
16816,9.1
16817,129.0
16818,59.8
16819,42.5
16820,26.5
16821,130.3
16822,122.3
16823,129.5
16824,103.1
16825,48.2
16826,71.2
16827,894.2
16828,180.8
16829,92.7
16830,11.1
16831,23.8
16832,15.8
16833,50.0
16834,169.3
16835,31.0
16836,7.9
16837,36.1
16838,626.1
16839,26.2
16840,56.5
16841,102.0
16842,32.5
16843,56.1
16844,75.7
16845,146.9
16846,103.4
16847,188.3
16848,136.9
16849,131.7
16850,34.9
16851,26.7
16852,809.2
16853,38.1
16854,7.5
16855,104.6
16856,143.6
16857,300.4
16858,59.3
16859,714.5
16860,41.7
16861,2387.0
16862,7.4
16863,14.8
16864,46.3
16865,84.2
16866,175.6
16867,51.1
16868,82.7
16869,268.6
16870,142.7
16871,34.0
16872,168.1
16873,20.9
16874,69.4
16875,77.0
16876,23.1
16877,155.5
16878,309.1
16879,51.7
16880,284.7
16881,72.8
16882,423.8
16883,652.3
16884,329.7
16885,104.8
16886,47.3
16887,68.4
16888,71.8
16889,15.4
16890,35.6
16891,12.6
16892,56.4
16893,6.2
16894,8.2
16895,233.2
16896,24.6
16897,142.1
16898,25.7
16899,907.0
16900,21.0
16901,79.4
16902,111.3
16903,185.4
16904,123.7
16905,159.2
16906,29.3
16907,109.7
16908,30.3
16909,18.9
16910,55.9
16911,183.2
16912,45.7
16913,21.9
16914,46.8
16915,32.2
16916,130.8
16917,107.5
16918,236.6
16919,533.6
16920,122.0
16921,97.1
16922,1034.2
16923,53.1
16924,285.2
16925,9.1
16926,197.2
16927,427.7
16928,37.8
16929,73.3
16930,231.4
16931,143.4
16932,28.1
16933,203.1
16934,100.6
16935,34.3
16936,1472.1
16937,158.9
16938,1283.7
16939,22.8
16940,18.4
16941,50.6
16942,170.1
16943,117.3
16944,911.0
16945,284.3
16946,72.1
16947,194.7
16948,88.8
16949,64.6
16950,8.4
16951,9.5
16952,85.6
16953,50.6
16954,20.1
16955,9.7
16956,74.9
16957,13.4
16958,10.8
16959,20.2
16960,119.4
16961,27.7
16962,29.1
16963,58.1
16964,48.9
16965,127.2
16966,108.0
16967,2220.0
16968,135.6
16969,492.3
16970,71.1
16971,69.9
16972,46.4
16973,8.1
16974,151.7
16975,116.4
16976,904.8
16977,8.6
16978,43.7
16979,15.8
16980,8.2
16981,32.1
16982,58.1
16983,225.6
16984,139.1
16985,31.9
16986,32.2
16987,152.4
16988,10.7
16989,48.7
16990,64.1
16991,70.4
16992,15.5
16993,66.8
16994,26.6
16995,257.1
16996,560.9
16997,32.9
16998,219.3
16999,174.3
17000,40.5
17001,45.4
17002,431.1
17003,40.7
17004,65.0
17005,18.9
17006,21.7
17007,118.7
17008,125.7
17009,48.4
17010,263.3
17011,96.2
17012,37.1
17013,199.9
17014,277.6
17015,38.7
17016,70.0
17017,38.7
17018,726.0
17019,352.3
17020,151.1
17021,34.0
17022,36.6
17023,1007.6
17024,867.0
17025,20.3
17026,929.6
17027,103.1
17028,256.6
17029,60.0
17030,88.0
17031,85.9
17032,24.0
17033,129.3
17034,524.8
17035,305.4
17036,22.4
17037,716.5
17038,82.0
17039,162.3
17040,76.1
17041,56.8
17042,45.7
17043,41.8
17044,29.7
17045,31.7
17046,969.8
17047,27.7
17048,75.6
17049,64.0
17050,66.3
17051,317.0
17052,41.9
17053,225.6
17054,192.8
17055,644.6
17056,76.4
17057,32.8
17058,56.8
17059,34.6
17060,29.7
17061,79.4
17062,242.0
17063,45.7
17064,12.2
17065,82.0
17066,32.6
17067,205.8
17068,34.8
17069,7.4
17070,163.5
17071,1099.3
17072,246.4
17073,60.4
17074,9.7
17075,53.4
17076,41.2
17077,50.5
17078,263.1
17079,185.6
17080,31.6
17081,56.9
17082,85.1
17083,56.4
17084,41.1
17085,68.3
17086,18.7
17087,118.1
17088,56.9
17089,14.4
17090,1433.9
17091,93.8
17092,39.3
17093,98.8
17094,8.0
17095,29.0
17096,8.9
17097,331.0
17098,52.2
17099,45.8
17100,27.1
17101,37.3
17102,2925.1
17103,43.3
17104,262.4
17105,25.4
17106,150.9
17107,199.9
17108,22.9
17109,1178.8
17110,84.3
17111,530.7
17112,65.4
17113,210.1
17114,447.2
17115,171.6
17116,54.8
17117,9.2
17118,185.3
17119,436.7
17120,32.7
17121,244.7
17122,17.8
17123,25.6
17124,16.4
17125,139.8
17126,34.6
17127,362.9
17128,75.2
17129,137.7
17130,165.9
17131,167.7
17132,379.4
17133,65.0
17134,130.4
17135,529.9
17136,165.6
17137,202.1
17138,74.1
17139,305.8
17140,42.1
17141,611.2
17142,36.4
17143,59.8
17144,37.7
17145,11.7
17146,66.7
17147,15.6
17148,7.2
17149,17.3
17150,342.3
17151,133.5
17152,112.9
17153,82.8
17154,39.3
17155,26.2
17156,544.2
17157,81.0
17158,594.1
17159,13.1
17160,99.0
17161,178.0
17162,475.8
17163,2047.2
17164,192.3
17165,110.0
17166,164.4
17167,30.0
17168,108.7
17169,71.5
17170,21.8
17171,197.3
17172,132.8
17173,24.4
17174,41.9
17175,226.2
17176,1108.2
17177,90.0
17178,30.2
17179,86.1
17180,147.8
17181,43.2
17182,170.6
17183,125.6
17184,236.2
17185,188.9
17186,24.7
17187,94.6
17188,26.5
17189,26.9
17190,13.0
17191,144.1
17192,21.0
17193,167.4
17194,15.9
17195,714.6
17196,433.2
17197,48.2
17198,56.0
17199,110.2
17200,40.3
17201,36.8
17202,159.7
17203,888.6
17204,2379.5
17205,10.4
17206,70.2
17207,46.7
17208,80.9
17209,20.9
17210,7.8
17211,189.6
17212,29.9
17213,61.2
17214,87.4
17215,182.1
17216,122.9
17217,24.7
17218,68.7
17219,73.1
17220,57.0
17221,44.2
17222,75.3
17223,66.4
17224,151.2
17225,199.6
17226,46.4
17227,147.3
17228,21.0
17229,183.5
17230,70.7
17231,50.6
17232,43.2
17233,8.2
17234,47.9
17235,74.2
17236,31.6
17237,129.4
17238,630.7
17239,37.3
17240,20.8
17241,43.4
17242,85.3
17243,1599.7
17244,188.6
17245,101.0
17246,1707.9
17247,74.4
17248,181.5
17249,26.2
17250,202.8
17251,51.5
17252,239.4
17253,7.3
17254,46.4
17255,63.9
17256,38.8
17257,20.2
17258,137.3
17259,36.7
17260,96.0
17261,27.9
17262,330.1
17263,134.1
17264,54.1
17265,62.0
17266,1490.0
17267,13.2
17268,225.9
17269,13.1
17270,1009.4
17271,44.2
17272,60.8
17273,400.5
17274,39.8
17275,184.0
17276,569.9
17277,39.6
17278,322.9
17279,72.0
17280,174.1
17281,45.0
17282,376.7
17283,585.2
17284,32.4
17285,30.7
17286,9.3
17287,17.4
17288,34.2
17289,30.8
17290,152.3
17291,52.0
17292,71.3
17293,36.0
17294,59.1
17295,508.6
17296,87.2
17297,134.9
17298,161.5
17299,29.2
17300,26.9
17301,88.2
17302,437.6
17303,58.7
17304,505.7
17305,1216.9
17306,70.2
17307,89.6
17308,57.6
17309,415.9
17310,38.5
17311,39.7
17312,49.3
17313,398.2
17314,32.5
17315,50.9
17316,75.4
17317,257.3
17318,37.3
17319,45.5
17320,422.4
17321,40.0
17322,33.3
17323,753.1
17324,101.8
17325,39.5
17326,61.0
17327,117.8
17328,43.2
17329,535.0
17330,63.7
17331,22.5
17332,136.8
17333,103.2
17334,22.0
17335,63.4
17336,97.6
17337,37.5
17338,56.8
17339,358.0
17340,514.4
17341,392.7
17342,186.5
17343,82.1
17344,219.5
17345,1780.5
17346,46.0
17347,35.6
17348,35.8
17349,13.2
17350,1138.6
17351,65.7
17352,749.2
17353,48.8
17354,364.7
17355,155.5
17356,26.1
17357,289.1
17358,13.6
17359,8.0
17360,26.6
17361,42.7
17362,407.0
17363,202.4
17364,90.0
17365,23.9
17366,34.7
17367,767.0
17368,106.0
17369,439.0
17370,24.3
17371,60.4
17372,542.0
17373,25.7
17374,43.8
17375,101.9
17376,310.3
17377,294.5
17378,130.7
17379,45.9
17380,115.6
17381,128.6
17382,53.7
17383,87.9
17384,993.0
17385,45.5
17386,166.5
17387,156.7
17388,735.0
17389,89.3
17390,124.3
17391,479.1
17392,28.0
17393,201.3
17394,665.2
17395,126.5
17396,72.9
17397,173.0
17398,52.3
17399,141.1
17400,88.5
17401,614.2
17402,246.6
17403,90.0
17404,35.3
17405,33.6
17406,56.4
17407,16.2
17408,81.9
17409,85.6
17410,15.6
17411,155.5
17412,124.6
17413,40.8
17414,65.3
17415,386.1
17416,70.2
17417,1184.8
17418,9.9
17419,275.0
17420,64.7
17421,62.4
17422,76.9
17423,29.2
17424,67.4
17425,17.6
17426,9.9
17427,331.4
17428,96.0
17429,56.6
17430,74.7
17431,95.8
17432,516.9
17433,16.2
17434,69.0
17435,48.8
17436,60.4
17437,63.4
17438,24.5
17439,81.3
17440,59.8
